file_name,file_path,page,vendor_name,ticket_number,ROI Image Link
24-105_2025-06-25_Class2_Podium_WM_412.pdf,C:/Users/brian.atkins/OneDrive - Lindamood Demolition/24-105 PHMS NPC - Documents/truck tickets/2025-06-25/export/24-105_2025-06-25_Class2_Podium_WM_412.pdf,12,Tarango,629835,View ROI
24-105_2025-06-25_Class2_Podium_WM_412.pdf,C:/Users/brian.atkins/OneDrive - Lindamood Demolition/24-105 PHMS NPC - Documents/truck tickets/2025-06-25/export/24-105_2025-06-25_Class2_Podium_WM_412.pdf,14,Tarango,630734,View ROI
24-105_2025-06-25_Class2_Podium_WM_412.pdf,C:/Users/brian.atkins/OneDrive - Lindamood Demolition/24-105 PHMS NPC - Documents/truck tickets/2025-06-25/export/24-105_2025-06-25_Class2_Podium_WM_412.pdf,10,Tarango,629897,View ROI
24-105_2025-06-25_Class2_Podium_WM_412.pdf,C:/Users/brian.atkins/OneDrive - Lindamood Demolition/24-105 PHMS NPC - Documents/truck tickets/2025-06-25/export/24-105_2025-06-25_Class2_Podium_WM_412.pdf,6,Tarango,629602,View ROI
24-105_2025-06-25_Class2_Podium_WM_412.pdf,C:/Users/brian.atkins/OneDrive - Lindamood Demolition/24-105 PHMS NPC - Documents/truck tickets/2025-06-25/export/24-105_2025-06-25_Class2_Podium_WM_412.pdf,7,Tarango,671066,View ROI
24-105_2025-06-25_Class2_Podium_WM_412.pdf,C:/Users/brian.atkins/OneDrive - Lindamood Demolition/24-105 PHMS NPC - Documents/truck tickets/2025-06-25/export/24-105_2025-06-25_Class2_Podium_WM_412.pdf,5,Tarango,629601,View ROI
24-105_2025-06-25_Class2_Podium_WM_412.pdf,C:/Users/brian.atkins/OneDrive - Lindamood Demolition/24-105 PHMS NPC - Documents/truck tickets/2025-06-25/export/24-105_2025-06-25_Class2_Podium_WM_412.pdf,4,Tarango,629733,View ROI
24-105_2025-06-25_Class2_Podium_WM_412.pdf,C:/Users/brian.atkins/OneDrive - Lindamood Demolition/24-105 PHMS NPC - Documents/truck tickets/2025-06-25/export/24-105_2025-06-25_Class2_Podium_WM_412.pdf,16,Tarango,629494,View ROI
24-105_2025-06-25_Class2_Podium_WM_412.pdf,C:/Users/brian.atkins/OneDrive - Lindamood Demolition/24-105 PHMS NPC - Documents/truck tickets/2025-06-25/export/24-105_2025-06-25_Class2_Podium_WM_412.pdf,13,Tarango,616808,View ROI
24-105_2025-06-25_Class2_Podium_WM_412.pdf,C:/Users/brian.atkins/OneDrive - Lindamood Demolition/24-105 PHMS NPC - Documents/truck tickets/2025-06-25/export/24-105_2025-06-25_Class2_Podium_WM_412.pdf,3,Tarango,630735,View ROI
24-105_2025-06-25_Class2_Podium_WM_412.pdf,C:/Users/brian.atkins/OneDrive - Lindamood Demolition/24-105 PHMS NPC - Documents/truck tickets/2025-06-25/export/24-105_2025-06-25_Class2_Podium_WM_412.pdf,15,Tarango,629732,View ROI
24-105_2025-06-25_Class2_Podium_WM_412.pdf,C:/Users/brian.atkins/OneDrive - Lindamood Demolition/24-105 PHMS NPC - Documents/truck tickets/2025-06-25/export/24-105_2025-06-25_Class2_Podium_WM_412.pdf,8,Tarango,630859,View ROI
24-105_2025-06-25_Class2_Podium_WM_412.pdf,C:/Users/brian.atkins/OneDrive - Lindamood Demolition/24-105 PHMS NPC - Documents/truck tickets/2025-06-25/export/24-105_2025-06-25_Class2_Podium_WM_412.pdf,11,Tarango,627463,View ROI
24-105_2025-06-25_Class2_Podium_WM_412.pdf,C:/Users/brian.atkins/OneDrive - Lindamood Demolition/24-105 PHMS NPC - Documents/truck tickets/2025-06-25/export/24-105_2025-06-25_Class2_Podium_WM_412.pdf,9,Tarango,628617,View ROI
24-105_2025-06-25_Class2_Podium_WM_412.pdf,C:/Users/brian.atkins/OneDrive - Lindamood Demolition/24-105 PHMS NPC - Documents/truck tickets/2025-06-25/export/24-105_2025-06-25_Class2_Podium_WM_412.pdf,1,Tarango,616806,View ROI
24-105_2025-06-25_Class2_Podium_WM_412.pdf,C:/Users/brian.atkins/OneDrive - Lindamood Demolition/24-105 PHMS NPC - Documents/truck tickets/2025-06-25/export/24-105_2025-06-25_Class2_Podium_WM_412.pdf,2,Tarango,616809,View ROI
24-105_2025-06-25_Class2_Podium_WM_412.pdf,C:/Users/brian.atkins/OneDrive - Lindamood Demolition/24-105 PHMS NPC - Documents/truck tickets/2025-06-25/export/24-105_2025-06-25_Class2_Podium_WM_412.pdf,18,Tarango,629896,View ROI
24-105_2025-06-25_Class2_Podium_WM_412.pdf,C:/Users/brian.atkins/OneDrive - Lindamood Demolition/24-105 PHMS NPC - Documents/truck tickets/2025-06-25/export/24-105_2025-06-25_Class2_Podium_WM_412.pdf,19,Tarango,630858,View ROI
24-105_2025-06-25_Class2_Podium_WM_412.pdf,C:/Users/brian.atkins/OneDrive - Lindamood Demolition/24-105 PHMS NPC - Documents/truck tickets/2025-06-25/export/24-105_2025-06-25_Class2_Podium_WM_412.pdf,17,Tarango,628616,View ROI
24-105_2025-06-25_Class2_Podium_WM_412.pdf,C:/Users/brian.atkins/OneDrive - Lindamood Demolition/24-105 PHMS NPC - Documents/truck tickets/2025-06-25/export/24-105_2025-06-25_Class2_Podium_WM_412.pdf,30,Roadstar,208206,View ROI
24-105_2025-06-25_Class2_Podium_WM_412.pdf,C:/Users/brian.atkins/OneDrive - Lindamood Demolition/24-105 PHMS NPC - Documents/truck tickets/2025-06-25/export/24-105_2025-06-25_Class2_Podium_WM_412.pdf,20,Tarango,671065,View ROI
24-105_2025-06-25_Class2_Podium_WM_412.pdf,C:/Users/brian.atkins/OneDrive - Lindamood Demolition/24-105 PHMS NPC - Documents/truck tickets/2025-06-25/export/24-105_2025-06-25_Class2_Podium_WM_412.pdf,22,Tarango,630733,View ROI
24-105_2025-06-25_Class2_Podium_WM_412.pdf,C:/Users/brian.atkins/OneDrive - Lindamood Demolition/24-105 PHMS NPC - Documents/truck tickets/2025-06-25/export/24-105_2025-06-25_Class2_Podium_WM_412.pdf,21,Tarango,629834,View ROI
24-105_2025-06-25_Class2_Podium_WM_412.pdf,C:/Users/brian.atkins/OneDrive - Lindamood Demolition/24-105 PHMS NPC - Documents/truck tickets/2025-06-25/export/24-105_2025-06-25_Class2_Podium_WM_412.pdf,23,Tarango,616807,View ROI
24-105_2025-06-25_Class2_Podium_WM_412.pdf,C:/Users/brian.atkins/OneDrive - Lindamood Demolition/24-105 PHMS NPC - Documents/truck tickets/2025-06-25/export/24-105_2025-06-25_Class2_Podium_WM_412.pdf,27,Roberts,1221104,View ROI
24-105_2025-06-25_Class2_Podium_WM_412.pdf,C:/Users/brian.atkins/OneDrive - Lindamood Demolition/24-105 PHMS NPC - Documents/truck tickets/2025-06-25/export/24-105_2025-06-25_Class2_Podium_WM_412.pdf,31,Tarango,630846,View ROI
24-105_2025-06-25_Class2_Podium_WM_412.pdf,C:/Users/brian.atkins/OneDrive - Lindamood Demolition/24-105 PHMS NPC - Documents/truck tickets/2025-06-25/export/24-105_2025-06-25_Class2_Podium_WM_412.pdf,33,Tarango,671964,View ROI
24-105_2025-06-25_Class2_Podium_WM_412.pdf,C:/Users/brian.atkins/OneDrive - Lindamood Demolition/24-105 PHMS NPC - Documents/truck tickets/2025-06-25/export/24-105_2025-06-25_Class2_Podium_WM_412.pdf,26,Tarango,628615,View ROI
24-105_2025-06-25_Class2_Podium_WM_412.pdf,C:/Users/brian.atkins/OneDrive - Lindamood Demolition/24-105 PHMS NPC - Documents/truck tickets/2025-06-25/export/24-105_2025-06-25_Class2_Podium_WM_412.pdf,28,Tarango,630857,View ROI
24-105_2025-06-25_Class2_Podium_WM_412.pdf,C:/Users/brian.atkins/OneDrive - Lindamood Demolition/24-105 PHMS NPC - Documents/truck tickets/2025-06-25/export/24-105_2025-06-25_Class2_Podium_WM_412.pdf,32,Tarango,629833,View ROI
24-105_2025-06-25_Class2_Podium_WM_412.pdf,C:/Users/brian.atkins/OneDrive - Lindamood Demolition/24-105 PHMS NPC - Documents/truck tickets/2025-06-25/export/24-105_2025-06-25_Class2_Podium_WM_412.pdf,25,Tarango,629493,View ROI
24-105_2025-06-25_Class2_Podium_WM_412.pdf,C:/Users/brian.atkins/OneDrive - Lindamood Demolition/24-105 PHMS NPC - Documents/truck tickets/2025-06-25/export/24-105_2025-06-25_Class2_Podium_WM_412.pdf,24,Tarango,629731,View ROI
24-105_2025-06-25_Class2_Podium_WM_412.pdf,C:/Users/brian.atkins/OneDrive - Lindamood Demolition/24-105 PHMS NPC - Documents/truck tickets/2025-06-25/export/24-105_2025-06-25_Class2_Podium_WM_412.pdf,29,Tarango,629895,View ROI
24-105_2025-06-25_Class2_Podium_WM_412.pdf,C:/Users/brian.atkins/OneDrive - Lindamood Demolition/24-105 PHMS NPC - Documents/truck tickets/2025-06-25/export/24-105_2025-06-25_Class2_Podium_WM_412.pdf,34,Tarango,630732,View ROI
24-105_2025-06-25_Class2_Podium_WM_412.pdf,C:/Users/brian.atkins/OneDrive - Lindamood Demolition/24-105 PHMS NPC - Documents/truck tickets/2025-06-25/export/24-105_2025-06-25_Class2_Podium_WM_412.pdf,35,Tarango,617291,View ROI
24-105_2025-06-25_Class2_Podium_WM_412.pdf,C:/Users/brian.atkins/OneDrive - Lindamood Demolition/24-105 PHMS NPC - Documents/truck tickets/2025-06-25/export/24-105_2025-06-25_Class2_Podium_WM_412.pdf,36,Tarango,630856,View ROI
24-105_2025-06-25_Class2_Podium_WM_412.pdf,C:/Users/brian.atkins/OneDrive - Lindamood Demolition/24-105 PHMS NPC - Documents/truck tickets/2025-06-25/export/24-105_2025-06-25_Class2_Podium_WM_412.pdf,37,Tarango,629730,View ROI
24-105_2025-06-25_Class2_Podium_WM_412.pdf,C:/Users/brian.atkins/OneDrive - Lindamood Demolition/24-105 PHMS NPC - Documents/truck tickets/2025-06-25/export/24-105_2025-06-25_Class2_Podium_WM_412.pdf,40,Tarango,629894,View ROI
24-105_2025-06-25_Class2_Podium_WM_412.pdf,C:/Users/brian.atkins/OneDrive - Lindamood Demolition/24-105 PHMS NPC - Documents/truck tickets/2025-06-25/export/24-105_2025-06-25_Class2_Podium_WM_412.pdf,39,Tarango,628614,View ROI
24-105_2025-06-25_Class2_Podium_WM_412.pdf,C:/Users/brian.atkins/OneDrive - Lindamood Demolition/24-105 PHMS NPC - Documents/truck tickets/2025-06-25/export/24-105_2025-06-25_Class2_Podium_WM_412.pdf,38,Tarango,629492,View ROI
24-105_2025-06-25_Class2_Podium_WM_412.pdf,C:/Users/brian.atkins/OneDrive - Lindamood Demolition/24-105 PHMS NPC - Documents/truck tickets/2025-06-25/export/24-105_2025-06-25_Class2_Podium_WM_412.pdf,43,Tarango,671063,View ROI
24-105_2025-06-25_Class2_Podium_WM_412.pdf,C:/Users/brian.atkins/OneDrive - Lindamood Demolition/24-105 PHMS NPC - Documents/truck tickets/2025-06-25/export/24-105_2025-06-25_Class2_Podium_WM_412.pdf,47,Tarango,630855,View ROI
24-105_2025-06-25_Class2_Podium_WM_412.pdf,C:/Users/brian.atkins/OneDrive - Lindamood Demolition/24-105 PHMS NPC - Documents/truck tickets/2025-06-25/export/24-105_2025-06-25_Class2_Podium_WM_412.pdf,45,Tarango,630731,View ROI
24-105_2025-06-25_Class2_Podium_WM_412.pdf,C:/Users/brian.atkins/OneDrive - Lindamood Demolition/24-105 PHMS NPC - Documents/truck tickets/2025-06-25/export/24-105_2025-06-25_Class2_Podium_WM_412.pdf,41,Tarango,630847,View ROI
24-105_2025-06-25_Class2_Podium_WM_412.pdf,C:/Users/brian.atkins/OneDrive - Lindamood Demolition/24-105 PHMS NPC - Documents/truck tickets/2025-06-25/export/24-105_2025-06-25_Class2_Podium_WM_412.pdf,48,Tarango,628613,View ROI
24-105_2025-06-25_Class2_Podium_WM_412.pdf,C:/Users/brian.atkins/OneDrive - Lindamood Demolition/24-105 PHMS NPC - Documents/truck tickets/2025-06-25/export/24-105_2025-06-25_Class2_Podium_WM_412.pdf,46,Tarango,616805,View ROI
24-105_2025-06-25_Class2_Podium_WM_412.pdf,C:/Users/brian.atkins/OneDrive - Lindamood Demolition/24-105 PHMS NPC - Documents/truck tickets/2025-06-25/export/24-105_2025-06-25_Class2_Podium_WM_412.pdf,42,Tarango,629832,View ROI
24-105_2025-06-25_Class2_Podium_WM_412.pdf,C:/Users/brian.atkins/OneDrive - Lindamood Demolition/24-105 PHMS NPC - Documents/truck tickets/2025-06-25/export/24-105_2025-06-25_Class2_Podium_WM_412.pdf,44,Tarango,617290,View ROI
24-105_2025-06-25_Class2_Podium_WM_412.pdf,C:/Users/brian.atkins/OneDrive - Lindamood Demolition/24-105 PHMS NPC - Documents/truck tickets/2025-06-25/export/24-105_2025-06-25_Class2_Podium_WM_412.pdf,49,Tarango,629893,View ROI
24-105_2025-06-25_Class2_Podium_WM_412.pdf,C:/Users/brian.atkins/OneDrive - Lindamood Demolition/24-105 PHMS NPC - Documents/truck tickets/2025-06-25/export/24-105_2025-06-25_Class2_Podium_WM_412.pdf,50,Tarango,639848,View ROI
24-105_2025-06-25_Class2_Podium_WM_412.pdf,C:/Users/brian.atkins/OneDrive - Lindamood Demolition/24-105 PHMS NPC - Documents/truck tickets/2025-06-25/export/24-105_2025-06-25_Class2_Podium_WM_412.pdf,52,Tarango,629831,View ROI
24-105_2025-06-25_Class2_Podium_WM_412.pdf,C:/Users/brian.atkins/OneDrive - Lindamood Demolition/24-105 PHMS NPC - Documents/truck tickets/2025-06-25/export/24-105_2025-06-25_Class2_Podium_WM_412.pdf,51,Tarango,629729,View ROI
24-105_2025-06-25_Class2_Podium_WM_412.pdf,C:/Users/brian.atkins/OneDrive - Lindamood Demolition/24-105 PHMS NPC - Documents/truck tickets/2025-06-25/export/24-105_2025-06-25_Class2_Podium_WM_412.pdf,53,Tarango,629491,View ROI
24-105_2025-06-25_Class2_Podium_WM_412.pdf,C:/Users/brian.atkins/OneDrive - Lindamood Demolition/24-105 PHMS NPC - Documents/truck tickets/2025-06-25/export/24-105_2025-06-25_Class2_Podium_WM_412.pdf,54,Tarango,671062,View ROI
24-105_2025-06-25_Class2_Podium_WM_412.pdf,C:/Users/brian.atkins/OneDrive - Lindamood Demolition/24-105 PHMS NPC - Documents/truck tickets/2025-06-25/export/24-105_2025-06-25_Class2_Podium_WM_412.pdf,55,Tarango,630854,View ROI
24-105_2025-06-25_Class2_Podium_WM_412.pdf,C:/Users/brian.atkins/OneDrive - Lindamood Demolition/24-105 PHMS NPC - Documents/truck tickets/2025-06-25/export/24-105_2025-06-25_Class2_Podium_WM_412.pdf,56,Tarango,617289,View ROI
24-105_2025-06-25_Class2_Podium_WM_412.pdf,C:/Users/brian.atkins/OneDrive - Lindamood Demolition/24-105 PHMS NPC - Documents/truck tickets/2025-06-25/export/24-105_2025-06-25_Class2_Podium_WM_412.pdf,60,Tarango,629892,View ROI
24-105_2025-06-25_Class2_Podium_WM_412.pdf,C:/Users/brian.atkins/OneDrive - Lindamood Demolition/24-105 PHMS NPC - Documents/truck tickets/2025-06-25/export/24-105_2025-06-25_Class2_Podium_WM_412.pdf,61,Tarango,630849,View ROI
24-105_2025-06-25_Class2_Podium_WM_412.pdf,C:/Users/brian.atkins/OneDrive - Lindamood Demolition/24-105 PHMS NPC - Documents/truck tickets/2025-06-25/export/24-105_2025-06-25_Class2_Podium_WM_412.pdf,65,Roberts,1123945,View ROI
24-105_2025-06-25_Class2_Podium_WM_412.pdf,C:/Users/brian.atkins/OneDrive - Lindamood Demolition/24-105 PHMS NPC - Documents/truck tickets/2025-06-25/export/24-105_2025-06-25_Class2_Podium_WM_412.pdf,68,Roberts,1123946,View ROI
24-105_2025-06-25_Class2_Podium_WM_412.pdf,C:/Users/brian.atkins/OneDrive - Lindamood Demolition/24-105 PHMS NPC - Documents/truck tickets/2025-06-25/export/24-105_2025-06-25_Class2_Podium_WM_412.pdf,57,Tarango,630730,View ROI
24-105_2025-06-25_Class2_Podium_WM_412.pdf,C:/Users/brian.atkins/OneDrive - Lindamood Demolition/24-105 PHMS NPC - Documents/truck tickets/2025-06-25/export/24-105_2025-06-25_Class2_Podium_WM_412.pdf,67,Roberts,1210801,View ROI
24-105_2025-06-25_Class2_Podium_WM_412.pdf,C:/Users/brian.atkins/OneDrive - Lindamood Demolition/24-105 PHMS NPC - Documents/truck tickets/2025-06-25/export/24-105_2025-06-25_Class2_Podium_WM_412.pdf,66,Roberts,1221101,View ROI
24-105_2025-06-25_Class2_Podium_WM_412.pdf,C:/Users/brian.atkins/OneDrive - Lindamood Demolition/24-105 PHMS NPC - Documents/truck tickets/2025-06-25/export/24-105_2025-06-25_Class2_Podium_WM_412.pdf,59,Tarango,628612,View ROI
24-105_2025-06-25_Class2_Podium_WM_412.pdf,C:/Users/brian.atkins/OneDrive - Lindamood Demolition/24-105 PHMS NPC - Documents/truck tickets/2025-06-25/export/24-105_2025-06-25_Class2_Podium_WM_412.pdf,58,Tarango,616804,View ROI
24-105_2025-06-25_Class2_Podium_WM_412.pdf,C:/Users/brian.atkins/OneDrive - Lindamood Demolition/24-105 PHMS NPC - Documents/truck tickets/2025-06-25/export/24-105_2025-06-25_Class2_Podium_WM_412.pdf,62,Tarango,629830,View ROI
24-105_2025-06-25_Class2_Podium_WM_412.pdf,C:/Users/brian.atkins/OneDrive - Lindamood Demolition/24-105 PHMS NPC - Documents/truck tickets/2025-06-25/export/24-105_2025-06-25_Class2_Podium_WM_412.pdf,64,Tarango,629490,View ROI
24-105_2025-06-25_Class2_Podium_WM_412.pdf,C:/Users/brian.atkins/OneDrive - Lindamood Demolition/24-105 PHMS NPC - Documents/truck tickets/2025-06-25/export/24-105_2025-06-25_Class2_Podium_WM_412.pdf,63,Tarango,629728,View ROI
24-105_2025-06-25_Class2_Podium_WM_412.pdf,C:/Users/brian.atkins/OneDrive - Lindamood Demolition/24-105 PHMS NPC - Documents/truck tickets/2025-06-25/export/24-105_2025-06-25_Class2_Podium_WM_412.pdf,69,Roberts,1.210803,View ROI
24-105_2025-06-25_Class2_Podium_WM_412.pdf,C:/Users/brian.atkins/OneDrive - Lindamood Demolition/24-105 PHMS NPC - Documents/truck tickets/2025-06-25/export/24-105_2025-06-25_Class2_Podium_WM_412.pdf,70,Roberts,1221102,View ROI
24-105_2025-06-25_Class2_Podium_WM_412.pdf,C:/Users/brian.atkins/OneDrive - Lindamood Demolition/24-105 PHMS NPC - Documents/truck tickets/2025-06-25/export/24-105_2025-06-25_Class2_Podium_WM_412.pdf,71,Roadstar,213086,View ROI
24-105_2025-06-25_Class2_Podium_WM_412.pdf,C:/Users/brian.atkins/OneDrive - Lindamood Demolition/24-105 PHMS NPC - Documents/truck tickets/2025-06-25/export/24-105_2025-06-25_Class2_Podium_WM_412.pdf,73,Roberts,1123948,View ROI
24-105_2025-06-25_Class2_Podium_WM_412.pdf,C:/Users/brian.atkins/OneDrive - Lindamood Demolition/24-105 PHMS NPC - Documents/truck tickets/2025-06-25/export/24-105_2025-06-25_Class2_Podium_WM_412.pdf,72,Roberts,1210802,View ROI
24-105_2025-06-25_Class2_Podium_WM_412.pdf,C:/Users/brian.atkins/OneDrive - Lindamood Demolition/24-105 PHMS NPC - Documents/truck tickets/2025-06-25/export/24-105_2025-06-25_Class2_Podium_WM_412.pdf,74,Roberts,1210804,View ROI
24-105_2025-06-25_Class2_Podium_WM_412.pdf,C:/Users/brian.atkins/OneDrive - Lindamood Demolition/24-105 PHMS NPC - Documents/truck tickets/2025-06-25/export/24-105_2025-06-25_Class2_Podium_WM_412.pdf,76,Roberts,1221103,View ROI
24-105_2025-06-25_Class2_Podium_WM_412.pdf,C:/Users/brian.atkins/OneDrive - Lindamood Demolition/24-105 PHMS NPC - Documents/truck tickets/2025-06-25/export/24-105_2025-06-25_Class2_Podium_WM_412.pdf,75,Roberts,1123947,View ROI
24-105_2025-06-25_Class2_Podium_WM_412.pdf,C:/Users/brian.atkins/OneDrive - Lindamood Demolition/24-105 PHMS NPC - Documents/truck tickets/2025-06-25/export/24-105_2025-06-25_Class2_Podium_WM_412.pdf,78,Roberts,1123950,View ROI
24-105_2025-06-25_Class2_Podium_WM_412.pdf,C:/Users/brian.atkins/OneDrive - Lindamood Demolition/24-105 PHMS NPC - Documents/truck tickets/2025-06-25/export/24-105_2025-06-25_Class2_Podium_WM_412.pdf,84,RCI,0357,View ROI
24-105_2025-06-25_Class2_Podium_WM_412.pdf,C:/Users/brian.atkins/OneDrive - Lindamood Demolition/24-105 PHMS NPC - Documents/truck tickets/2025-06-25/export/24-105_2025-06-25_Class2_Podium_WM_412.pdf,77,Roberts,1210807,View ROI
24-105_2025-06-25_Class2_Podium_WM_412.pdf,C:/Users/brian.atkins/OneDrive - Lindamood Demolition/24-105 PHMS NPC - Documents/truck tickets/2025-06-25/export/24-105_2025-06-25_Class2_Podium_WM_412.pdf,85,,PIT/DUMP TICKET #,View ROI
24-105_2025-06-25_Class2_Podium_WM_412.pdf,C:/Users/brian.atkins/OneDrive - Lindamood Demolition/24-105 PHMS NPC - Documents/truck tickets/2025-06-25/export/24-105_2025-06-25_Class2_Podium_WM_412.pdf,87,JDandSon,A,View ROI
24-105_2025-06-25_Class2_Podium_WM_412.pdf,C:/Users/brian.atkins/OneDrive - Lindamood Demolition/24-105 PHMS NPC - Documents/truck tickets/2025-06-25/export/24-105_2025-06-25_Class2_Podium_WM_412.pdf,79,Roberts,1221106,View ROI
24-105_2025-06-25_Class2_Podium_WM_412.pdf,C:/Users/brian.atkins/OneDrive - Lindamood Demolition/24-105 PHMS NPC - Documents/truck tickets/2025-06-25/export/24-105_2025-06-25_Class2_Podium_WM_412.pdf,86,RCI,0250,View ROI
24-105_2025-06-25_Class2_Podium_WM_412.pdf,C:/Users/brian.atkins/OneDrive - Lindamood Demolition/24-105 PHMS NPC - Documents/truck tickets/2025-06-25/export/24-105_2025-06-25_Class2_Podium_WM_412.pdf,81,Roberts,1221105,View ROI
24-105_2025-06-25_Class2_Podium_WM_412.pdf,C:/Users/brian.atkins/OneDrive - Lindamood Demolition/24-105 PHMS NPC - Documents/truck tickets/2025-06-25/export/24-105_2025-06-25_Class2_Podium_WM_412.pdf,82,Roberts,1123949,View ROI
24-105_2025-06-25_Class2_Podium_WM_412.pdf,C:/Users/brian.atkins/OneDrive - Lindamood Demolition/24-105 PHMS NPC - Documents/truck tickets/2025-06-25/export/24-105_2025-06-25_Class2_Podium_WM_412.pdf,83,Roberts,1210805,View ROI
24-105_2025-06-25_Class2_Podium_WM_412.pdf,C:/Users/brian.atkins/OneDrive - Lindamood Demolition/24-105 PHMS NPC - Documents/truck tickets/2025-06-25/export/24-105_2025-06-25_Class2_Podium_WM_412.pdf,80,,EHAIVNDIS H3WOISNO,View ROI
24-105_2025-06-25_Class2_Podium_WM_412.pdf,C:/Users/brian.atkins/OneDrive - Lindamood Demolition/24-105 PHMS NPC - Documents/truck tickets/2025-06-25/export/24-105_2025-06-25_Class2_Podium_WM_412.pdf,88,RCI,0356,View ROI
24-105_2025-06-25_Class2_Podium_WM_412.pdf,C:/Users/brian.atkins/OneDrive - Lindamood Demolition/24-105 PHMS NPC - Documents/truck tickets/2025-06-25/export/24-105_2025-06-25_Class2_Podium_WM_412.pdf,89,JDandSon,45231,View ROI
24-105_2025-06-25_Class2_Podium_WM_412.pdf,C:/Users/brian.atkins/OneDrive - Lindamood Demolition/24-105 PHMS NPC - Documents/truck tickets/2025-06-25/export/24-105_2025-06-25_Class2_Podium_WM_412.pdf,91,JDandSon,45424,View ROI
24-105_2025-06-25_Class2_Podium_WM_412.pdf,C:/Users/brian.atkins/OneDrive - Lindamood Demolition/24-105 PHMS NPC - Documents/truck tickets/2025-06-25/export/24-105_2025-06-25_Class2_Podium_WM_412.pdf,92,RCI,0229,View ROI
24-105_2025-06-25_Class2_Podium_WM_412.pdf,C:/Users/brian.atkins/OneDrive - Lindamood Demolition/24-105 PHMS NPC - Documents/truck tickets/2025-06-25/export/24-105_2025-06-25_Class2_Podium_WM_412.pdf,100,RCI,0353,View ROI
24-105_2025-06-25_Class2_Podium_WM_412.pdf,C:/Users/brian.atkins/OneDrive - Lindamood Demolition/24-105 PHMS NPC - Documents/truck tickets/2025-06-25/export/24-105_2025-06-25_Class2_Podium_WM_412.pdf,95,JDandSon,45423,View ROI
24-105_2025-06-25_Class2_Podium_WM_412.pdf,C:/Users/brian.atkins/OneDrive - Lindamood Demolition/24-105 PHMS NPC - Documents/truck tickets/2025-06-25/export/24-105_2025-06-25_Class2_Podium_WM_412.pdf,94,JDandSon,445230,View ROI
24-105_2025-06-25_Class2_Podium_WM_412.pdf,C:/Users/brian.atkins/OneDrive - Lindamood Demolition/24-105 PHMS NPC - Documents/truck tickets/2025-06-25/export/24-105_2025-06-25_Class2_Podium_WM_412.pdf,93,RCI,0355,View ROI
24-105_2025-06-25_Class2_Podium_WM_412.pdf,C:/Users/brian.atkins/OneDrive - Lindamood Demolition/24-105 PHMS NPC - Documents/truck tickets/2025-06-25/export/24-105_2025-06-25_Class2_Podium_WM_412.pdf,98,JDandSon,45229,View ROI
24-105_2025-06-25_Class2_Podium_WM_412.pdf,C:/Users/brian.atkins/OneDrive - Lindamood Demolition/24-105 PHMS NPC - Documents/truck tickets/2025-06-25/export/24-105_2025-06-25_Class2_Podium_WM_412.pdf,96,RCI,0228,View ROI
24-105_2025-06-25_Class2_Podium_WM_412.pdf,C:/Users/brian.atkins/OneDrive - Lindamood Demolition/24-105 PHMS NPC - Documents/truck tickets/2025-06-25/export/24-105_2025-06-25_Class2_Podium_WM_412.pdf,97,RCI,0354,View ROI
24-105_2025-06-25_Class2_Podium_WM_412.pdf,C:/Users/brian.atkins/OneDrive - Lindamood Demolition/24-105 PHMS NPC - Documents/truck tickets/2025-06-25/export/24-105_2025-06-25_Class2_Podium_WM_412.pdf,102,JDandSon,45421,View ROI
24-105_2025-06-25_Class2_Podium_WM_412.pdf,C:/Users/brian.atkins/OneDrive - Lindamood Demolition/24-105 PHMS NPC - Documents/truck tickets/2025-06-25/export/24-105_2025-06-25_Class2_Podium_WM_412.pdf,99,JDandSon,45422,View ROI
24-105_2025-06-25_Class2_Podium_WM_412.pdf,C:/Users/brian.atkins/OneDrive - Lindamood Demolition/24-105 PHMS NPC - Documents/truck tickets/2025-06-25/export/24-105_2025-06-25_Class2_Podium_WM_412.pdf,101,RCI,0227,View ROI
24-105_2025-06-25_Class2_Podium_WM_412.pdf,C:/Users/brian.atkins/OneDrive - Lindamood Demolition/24-105 PHMS NPC - Documents/truck tickets/2025-06-25/export/24-105_2025-06-25_Class2_Podium_WM_412.pdf,103,JDandSon,445228,View ROI
24-105_2025-06-25_Class2_Podium_WM_412.pdf,C:/Users/brian.atkins/OneDrive - Lindamood Demolition/24-105 PHMS NPC - Documents/truck tickets/2025-06-25/export/24-105_2025-06-25_Class2_Podium_WM_412.pdf,104,RCI,0352,View ROI
24-105_2025-06-25_Class2_Podium_WM_412.pdf,C:/Users/brian.atkins/OneDrive - Lindamood Demolition/24-105 PHMS NPC - Documents/truck tickets/2025-06-25/export/24-105_2025-06-25_Class2_Podium_WM_412.pdf,107,RCI,0351,View ROI
24-105_2025-06-25_Class2_Podium_WM_412.pdf,C:/Users/brian.atkins/OneDrive - Lindamood Demolition/24-105 PHMS NPC - Documents/truck tickets/2025-06-25/export/24-105_2025-06-25_Class2_Podium_WM_412.pdf,106,JDandSon,45227,View ROI
24-105_2025-06-25_Class2_Podium_WM_412.pdf,C:/Users/brian.atkins/OneDrive - Lindamood Demolition/24-105 PHMS NPC - Documents/truck tickets/2025-06-25/export/24-105_2025-06-25_Class2_Podium_WM_412.pdf,105,RCI,0226,View ROI
24-105_2025-06-25_Class2_Podium_WM_412.pdf,C:/Users/brian.atkins/OneDrive - Lindamood Demolition/24-105 PHMS NPC - Documents/truck tickets/2025-06-25/export/24-105_2025-06-25_Class2_Podium_WM_412.pdf,108,CorpoTechs,16230,View ROI
24-105_2025-06-25_Class2_Podium_WM_412.pdf,C:/Users/brian.atkins/OneDrive - Lindamood Demolition/24-105 PHMS NPC - Documents/truck tickets/2025-06-25/export/24-105_2025-06-25_Class2_Podium_WM_412.pdf,110,Roadstar,207800,View ROI
24-105_2025-06-25_Class2_Podium_WM_412.pdf,C:/Users/brian.atkins/OneDrive - Lindamood Demolition/24-105 PHMS NPC - Documents/truck tickets/2025-06-25/export/24-105_2025-06-25_Class2_Podium_WM_412.pdf,109,Portillo,307770,View ROI
24-105_2025-06-25_Class2_Podium_WM_412.pdf,C:/Users/brian.atkins/OneDrive - Lindamood Demolition/24-105 PHMS NPC - Documents/truck tickets/2025-06-25/export/24-105_2025-06-25_Class2_Podium_WM_412.pdf,111,Roadstar,218687,View ROI
24-105_2025-06-25_Class2_Podium_WM_412.pdf,C:/Users/brian.atkins/OneDrive - Lindamood Demolition/24-105 PHMS NPC - Documents/truck tickets/2025-06-25/export/24-105_2025-06-25_Class2_Podium_WM_412.pdf,112,Roadstar,212297,View ROI
24-105_2025-06-25_Class2_Podium_WM_412.pdf,C:/Users/brian.atkins/OneDrive - Lindamood Demolition/24-105 PHMS NPC - Documents/truck tickets/2025-06-25/export/24-105_2025-06-25_Class2_Podium_WM_412.pdf,122,Portillo,309785,View ROI
24-105_2025-06-25_Class2_Podium_WM_412.pdf,C:/Users/brian.atkins/OneDrive - Lindamood Demolition/24-105 PHMS NPC - Documents/truck tickets/2025-06-25/export/24-105_2025-06-25_Class2_Podium_WM_412.pdf,113,CorpoTechs,10447,View ROI
24-105_2025-06-25_Class2_Podium_WM_412.pdf,C:/Users/brian.atkins/OneDrive - Lindamood Demolition/24-105 PHMS NPC - Documents/truck tickets/2025-06-25/export/24-105_2025-06-25_Class2_Podium_WM_412.pdf,114,Portillo,311159,View ROI
24-105_2025-06-25_Class2_Podium_WM_412.pdf,C:/Users/brian.atkins/OneDrive - Lindamood Demolition/24-105 PHMS NPC - Documents/truck tickets/2025-06-25/export/24-105_2025-06-25_Class2_Podium_WM_412.pdf,120,Roadstar,214067,View ROI
24-105_2025-06-25_Class2_Podium_WM_412.pdf,C:/Users/brian.atkins/OneDrive - Lindamood Demolition/24-105 PHMS NPC - Documents/truck tickets/2025-06-25/export/24-105_2025-06-25_Class2_Podium_WM_412.pdf,119,Roadstar,213114,View ROI
24-105_2025-06-25_Class2_Podium_WM_412.pdf,C:/Users/brian.atkins/OneDrive - Lindamood Demolition/24-105 PHMS NPC - Documents/truck tickets/2025-06-25/export/24-105_2025-06-25_Class2_Podium_WM_412.pdf,115,Roadstar,183881,View ROI
24-105_2025-06-25_Class2_Podium_WM_412.pdf,C:/Users/brian.atkins/OneDrive - Lindamood Demolition/24-105 PHMS NPC - Documents/truck tickets/2025-06-25/export/24-105_2025-06-25_Class2_Podium_WM_412.pdf,117,CorpoTechs,021335,View ROI
24-105_2025-06-25_Class2_Podium_WM_412.pdf,C:/Users/brian.atkins/OneDrive - Lindamood Demolition/24-105 PHMS NPC - Documents/truck tickets/2025-06-25/export/24-105_2025-06-25_Class2_Podium_WM_412.pdf,118,CorpoTechs,014398,View ROI
24-105_2025-06-25_Class2_Podium_WM_412.pdf,C:/Users/brian.atkins/OneDrive - Lindamood Demolition/24-105 PHMS NPC - Documents/truck tickets/2025-06-25/export/24-105_2025-06-25_Class2_Podium_WM_412.pdf,116,CorpoTechs,15394,View ROI
24-105_2025-06-25_Class2_Podium_WM_412.pdf,C:/Users/brian.atkins/OneDrive - Lindamood Demolition/24-105 PHMS NPC - Documents/truck tickets/2025-06-25/export/24-105_2025-06-25_Class2_Podium_WM_412.pdf,121,Roadstar,218711,View ROI
24-105_2025-06-25_Class2_Podium_WM_412.pdf,C:/Users/brian.atkins/OneDrive - Lindamood Demolition/24-105 PHMS NPC - Documents/truck tickets/2025-06-25/export/24-105_2025-06-25_Class2_Podium_WM_412.pdf,123,Portillo,302641,View ROI
24-105_2025-06-25_Class2_Podium_WM_412.pdf,C:/Users/brian.atkins/OneDrive - Lindamood Demolition/24-105 PHMS NPC - Documents/truck tickets/2025-06-25/export/24-105_2025-06-25_Class2_Podium_WM_412.pdf,124,Portillo,306111,View ROI
24-105_2025-06-25_Class2_Podium_WM_412.pdf,C:/Users/brian.atkins/OneDrive - Lindamood Demolition/24-105 PHMS NPC - Documents/truck tickets/2025-06-25/export/24-105_2025-06-25_Class2_Podium_WM_412.pdf,125,Roadstar,219394,View ROI
24-105_2025-06-25_Class2_Podium_WM_412.pdf,C:/Users/brian.atkins/OneDrive - Lindamood Demolition/24-105 PHMS NPC - Documents/truck tickets/2025-06-25/export/24-105_2025-06-25_Class2_Podium_WM_412.pdf,126,CorpoTechs,16786,View ROI
24-105_2025-06-25_Class2_Podium_WM_412.pdf,C:/Users/brian.atkins/OneDrive - Lindamood Demolition/24-105 PHMS NPC - Documents/truck tickets/2025-06-25/export/24-105_2025-06-25_Class2_Podium_WM_412.pdf,128,CorpoTechs,11838,View ROI
24-105_2025-06-25_Class2_Podium_WM_412.pdf,C:/Users/brian.atkins/OneDrive - Lindamood Demolition/24-105 PHMS NPC - Documents/truck tickets/2025-06-25/export/24-105_2025-06-25_Class2_Podium_WM_412.pdf,127,Portillo,320058,View ROI
24-105_2025-06-25_Class2_Podium_WM_412.pdf,C:/Users/brian.atkins/OneDrive - Lindamood Demolition/24-105 PHMS NPC - Documents/truck tickets/2025-06-25/export/24-105_2025-06-25_Class2_Podium_WM_412.pdf,129,Roadstar,218986,View ROI
24-105_2025-06-25_Class2_Podium_WM_412.pdf,C:/Users/brian.atkins/OneDrive - Lindamood Demolition/24-105 PHMS NPC - Documents/truck tickets/2025-06-25/export/24-105_2025-06-25_Class2_Podium_WM_412.pdf,130,CorpoTechs,013852,View ROI
24-105_2025-06-25_Class2_Podium_WM_412.pdf,C:/Users/brian.atkins/OneDrive - Lindamood Demolition/24-105 PHMS NPC - Documents/truck tickets/2025-06-25/export/24-105_2025-06-25_Class2_Podium_WM_412.pdf,138,Roadstar,219070,View ROI
24-105_2025-06-25_Class2_Podium_WM_412.pdf,C:/Users/brian.atkins/OneDrive - Lindamood Demolition/24-105 PHMS NPC - Documents/truck tickets/2025-06-25/export/24-105_2025-06-25_Class2_Podium_WM_412.pdf,131,Roadstar,217206,View ROI
24-105_2025-06-25_Class2_Podium_WM_412.pdf,C:/Users/brian.atkins/OneDrive - Lindamood Demolition/24-105 PHMS NPC - Documents/truck tickets/2025-06-25/export/24-105_2025-06-25_Class2_Podium_WM_412.pdf,132,Portillo,296399,View ROI
24-105_2025-06-25_Class2_Podium_WM_412.pdf,C:/Users/brian.atkins/OneDrive - Lindamood Demolition/24-105 PHMS NPC - Documents/truck tickets/2025-06-25/export/24-105_2025-06-25_Class2_Podium_WM_412.pdf,135,Roadstar,675049,View ROI
24-105_2025-06-25_Class2_Podium_WM_412.pdf,C:/Users/brian.atkins/OneDrive - Lindamood Demolition/24-105 PHMS NPC - Documents/truck tickets/2025-06-25/export/24-105_2025-06-25_Class2_Podium_WM_412.pdf,137,Roadstar,213090,View ROI
24-105_2025-06-25_Class2_Podium_WM_412.pdf,C:/Users/brian.atkins/OneDrive - Lindamood Demolition/24-105 PHMS NPC - Documents/truck tickets/2025-06-25/export/24-105_2025-06-25_Class2_Podium_WM_412.pdf,133,Portillo,307197,View ROI
24-105_2025-06-25_Class2_Podium_WM_412.pdf,C:/Users/brian.atkins/OneDrive - Lindamood Demolition/24-105 PHMS NPC - Documents/truck tickets/2025-06-25/export/24-105_2025-06-25_Class2_Podium_WM_412.pdf,134,Roadstar,214149,View ROI
24-105_2025-06-25_Class2_Podium_WM_412.pdf,C:/Users/brian.atkins/OneDrive - Lindamood Demolition/24-105 PHMS NPC - Documents/truck tickets/2025-06-25/export/24-105_2025-06-25_Class2_Podium_WM_412.pdf,136,Roadstar,212372,View ROI
24-105_2025-06-25_Class2_Podium_WM_412.pdf,C:/Users/brian.atkins/OneDrive - Lindamood Demolition/24-105 PHMS NPC - Documents/truck tickets/2025-06-25/export/24-105_2025-06-25_Class2_Podium_WM_412.pdf,141,Portillo,296397,View ROI
24-105_2025-06-25_Class2_Podium_WM_412.pdf,C:/Users/brian.atkins/OneDrive - Lindamood Demolition/24-105 PHMS NPC - Documents/truck tickets/2025-06-25/export/24-105_2025-06-25_Class2_Podium_WM_412.pdf,142,Portillo,288515,View ROI
24-105_2025-06-25_Class2_Podium_WM_412.pdf,C:/Users/brian.atkins/OneDrive - Lindamood Demolition/24-105 PHMS NPC - Documents/truck tickets/2025-06-25/export/24-105_2025-06-25_Class2_Podium_WM_412.pdf,140,Roadstar,212662,View ROI
24-105_2025-06-25_Class2_Podium_WM_412.pdf,C:/Users/brian.atkins/OneDrive - Lindamood Demolition/24-105 PHMS NPC - Documents/truck tickets/2025-06-25/export/24-105_2025-06-25_Class2_Podium_WM_412.pdf,139,Roadstar,208208,View ROI
24-105_2025-06-25_Class2_Podium_WM_412.pdf,C:/Users/brian.atkins/OneDrive - Lindamood Demolition/24-105 PHMS NPC - Documents/truck tickets/2025-06-25/export/24-105_2025-06-25_Class2_Podium_WM_412.pdf,143,Roadstar,218854,View ROI
24-105_2025-06-25_Class2_Podium_WM_412.pdf,C:/Users/brian.atkins/OneDrive - Lindamood Demolition/24-105 PHMS NPC - Documents/truck tickets/2025-06-25/export/24-105_2025-06-25_Class2_Podium_WM_412.pdf,144,CorpoTechs,013323,View ROI
24-105_2025-06-25_Class2_Podium_WM_412.pdf,C:/Users/brian.atkins/OneDrive - Lindamood Demolition/24-105 PHMS NPC - Documents/truck tickets/2025-06-25/export/24-105_2025-06-25_Class2_Podium_WM_412.pdf,146,Portillo,307684,View ROI
24-105_2025-06-25_Class2_Podium_WM_412.pdf,C:/Users/brian.atkins/OneDrive - Lindamood Demolition/24-105 PHMS NPC - Documents/truck tickets/2025-06-25/export/24-105_2025-06-25_Class2_Podium_WM_412.pdf,145,CorpoTechs,014298,View ROI
24-105_2025-06-25_Class2_Podium_WM_412.pdf,C:/Users/brian.atkins/OneDrive - Lindamood Demolition/24-105 PHMS NPC - Documents/truck tickets/2025-06-25/export/24-105_2025-06-25_Class2_Podium_WM_412.pdf,147,Roadstar,218537,View ROI
24-105_2025-06-25_Class2_Podium_WM_412.pdf,C:/Users/brian.atkins/OneDrive - Lindamood Demolition/24-105 PHMS NPC - Documents/truck tickets/2025-06-25/export/24-105_2025-06-25_Class2_Podium_WM_412.pdf,153,Roadstar,213236,View ROI
24-105_2025-06-25_Class2_Podium_WM_412.pdf,C:/Users/brian.atkins/OneDrive - Lindamood Demolition/24-105 PHMS NPC - Documents/truck tickets/2025-06-25/export/24-105_2025-06-25_Class2_Podium_WM_412.pdf,149,Roadstar,217207,View ROI
24-105_2025-06-25_Class2_Podium_WM_412.pdf,C:/Users/brian.atkins/OneDrive - Lindamood Demolition/24-105 PHMS NPC - Documents/truck tickets/2025-06-25/export/24-105_2025-06-25_Class2_Podium_WM_412.pdf,150,Roadstar,212755,View ROI
24-105_2025-06-25_Class2_Podium_WM_412.pdf,C:/Users/brian.atkins/OneDrive - Lindamood Demolition/24-105 PHMS NPC - Documents/truck tickets/2025-06-25/export/24-105_2025-06-25_Class2_Podium_WM_412.pdf,151,Roadstar,219139,View ROI
24-105_2025-06-25_Class2_Podium_WM_412.pdf,C:/Users/brian.atkins/OneDrive - Lindamood Demolition/24-105 PHMS NPC - Documents/truck tickets/2025-06-25/export/24-105_2025-06-25_Class2_Podium_WM_412.pdf,148,Portillo,312022,View ROI
24-105_2025-06-25_Class2_Podium_WM_412.pdf,C:/Users/brian.atkins/OneDrive - Lindamood Demolition/24-105 PHMS NPC - Documents/truck tickets/2025-06-25/export/24-105_2025-06-25_Class2_Podium_WM_412.pdf,154,CorpoTechs,16229,View ROI
24-105_2025-06-25_Class2_Podium_WM_412.pdf,C:/Users/brian.atkins/OneDrive - Lindamood Demolition/24-105 PHMS NPC - Documents/truck tickets/2025-06-25/export/24-105_2025-06-25_Class2_Podium_WM_412.pdf,152,Roadstar,206669,View ROI
24-105_2025-06-25_Class2_Podium_WM_412.pdf,C:/Users/brian.atkins/OneDrive - Lindamood Demolition/24-105 PHMS NPC - Documents/truck tickets/2025-06-25/export/24-105_2025-06-25_Class2_Podium_WM_412.pdf,155,CorpoTechs,19457,View ROI
24-105_2025-06-25_Class2_Podium_WM_412.pdf,C:/Users/brian.atkins/OneDrive - Lindamood Demolition/24-105 PHMS NPC - Documents/truck tickets/2025-06-25/export/24-105_2025-06-25_Class2_Podium_WM_412.pdf,156,Roadstar,214148,View ROI
24-105_2025-06-25_Class2_Podium_WM_412.pdf,C:/Users/brian.atkins/OneDrive - Lindamood Demolition/24-105 PHMS NPC - Documents/truck tickets/2025-06-25/export/24-105_2025-06-25_Class2_Podium_WM_412.pdf,158,Portillo,307769,View ROI
24-105_2025-06-25_Class2_Podium_WM_412.pdf,C:/Users/brian.atkins/OneDrive - Lindamood Demolition/24-105 PHMS NPC - Documents/truck tickets/2025-06-25/export/24-105_2025-06-25_Class2_Podium_WM_412.pdf,162,CorpoTechs,10446,View ROI
24-105_2025-06-25_Class2_Podium_WM_412.pdf,C:/Users/brian.atkins/OneDrive - Lindamood Demolition/24-105 PHMS NPC - Documents/truck tickets/2025-06-25/export/24-105_2025-06-25_Class2_Podium_WM_412.pdf,157,CorpoTechs,021334,View ROI
24-105_2025-06-25_Class2_Podium_WM_412.pdf,C:/Users/brian.atkins/OneDrive - Lindamood Demolition/24-105 PHMS NPC - Documents/truck tickets/2025-06-25/export/24-105_2025-06-25_Class2_Podium_WM_412.pdf,159,Portillo,307196,View ROI
24-105_2025-06-25_Class2_Podium_WM_412.pdf,C:/Users/brian.atkins/OneDrive - Lindamood Demolition/24-105 PHMS NPC - Documents/truck tickets/2025-06-25/export/24-105_2025-06-25_Class2_Podium_WM_412.pdf,160,Roadstar,675048,View ROI
24-105_2025-06-25_Class2_Podium_WM_412.pdf,C:/Users/brian.atkins/OneDrive - Lindamood Demolition/24-105 PHMS NPC - Documents/truck tickets/2025-06-25/export/24-105_2025-06-25_Class2_Podium_WM_412.pdf,161,Roadstar,218686,View ROI
24-105_2025-06-25_Class2_Podium_WM_412.pdf,C:/Users/brian.atkins/OneDrive - Lindamood Demolition/24-105 PHMS NPC - Documents/truck tickets/2025-06-25/export/24-105_2025-06-25_Class2_Podium_WM_412.pdf,163,Roadstar,210697,View ROI
24-105_2025-06-25_Class2_Podium_WM_412.pdf,C:/Users/brian.atkins/OneDrive - Lindamood Demolition/24-105 PHMS NPC - Documents/truck tickets/2025-06-25/export/24-105_2025-06-25_Class2_Podium_WM_412.pdf,165,Roadstar,207799,View ROI
24-105_2025-06-25_Class2_Podium_WM_412.pdf,C:/Users/brian.atkins/OneDrive - Lindamood Demolition/24-105 PHMS NPC - Documents/truck tickets/2025-06-25/export/24-105_2025-06-25_Class2_Podium_WM_412.pdf,164,Roadstar,212296,View ROI
24-105_2025-06-25_Class2_Podium_WM_412.pdf,C:/Users/brian.atkins/OneDrive - Lindamood Demolition/24-105 PHMS NPC - Documents/truck tickets/2025-06-25/export/24-105_2025-06-25_Class2_Podium_WM_412.pdf,167,Portillo,311158,View ROI
24-105_2025-06-25_Class2_Podium_WM_412.pdf,C:/Users/brian.atkins/OneDrive - Lindamood Demolition/24-105 PHMS NPC - Documents/truck tickets/2025-06-25/export/24-105_2025-06-25_Class2_Podium_WM_412.pdf,166,Roadstar,214236,View ROI
24-105_2025-06-25_Class2_Podium_WM_412.pdf,C:/Users/brian.atkins/OneDrive - Lindamood Demolition/24-105 PHMS NPC - Documents/truck tickets/2025-06-25/export/24-105_2025-06-25_Class2_Podium_WM_412.pdf,171,CorpoTechs,17450,View ROI
24-105_2025-06-25_Class2_Podium_WM_412.pdf,C:/Users/brian.atkins/OneDrive - Lindamood Demolition/24-105 PHMS NPC - Documents/truck tickets/2025-06-25/export/24-105_2025-06-25_Class2_Podium_WM_412.pdf,168,CorpoTechs,15393,View ROI
24-105_2025-06-25_Class2_Podium_WM_412.pdf,C:/Users/brian.atkins/OneDrive - Lindamood Demolition/24-105 PHMS NPC - Documents/truck tickets/2025-06-25/export/24-105_2025-06-25_Class2_Podium_WM_412.pdf,174,Roadstar,214066,View ROI
24-105_2025-06-25_Class2_Podium_WM_412.pdf,C:/Users/brian.atkins/OneDrive - Lindamood Demolition/24-105 PHMS NPC - Documents/truck tickets/2025-06-25/export/24-105_2025-06-25_Class2_Podium_WM_412.pdf,169,Roadstar,183880,View ROI
24-105_2025-06-25_Class2_Podium_WM_412.pdf,C:/Users/brian.atkins/OneDrive - Lindamood Demolition/24-105 PHMS NPC - Documents/truck tickets/2025-06-25/export/24-105_2025-06-25_Class2_Podium_WM_412.pdf,179,Portillo,309784,View ROI
24-105_2025-06-25_Class2_Podium_WM_412.pdf,C:/Users/brian.atkins/OneDrive - Lindamood Demolition/24-105 PHMS NPC - Documents/truck tickets/2025-06-25/export/24-105_2025-06-25_Class2_Podium_WM_412.pdf,170,Portillo,306700,View ROI
24-105_2025-06-25_Class2_Podium_WM_412.pdf,C:/Users/brian.atkins/OneDrive - Lindamood Demolition/24-105 PHMS NPC - Documents/truck tickets/2025-06-25/export/24-105_2025-06-25_Class2_Podium_WM_412.pdf,172,Portillo,302640,View ROI
24-105_2025-06-25_Class2_Podium_WM_412.pdf,C:/Users/brian.atkins/OneDrive - Lindamood Demolition/24-105 PHMS NPC - Documents/truck tickets/2025-06-25/export/24-105_2025-06-25_Class2_Podium_WM_412.pdf,175,Roadstar,218601,View ROI
24-105_2025-06-25_Class2_Podium_WM_412.pdf,C:/Users/brian.atkins/OneDrive - Lindamood Demolition/24-105 PHMS NPC - Documents/truck tickets/2025-06-25/export/24-105_2025-06-25_Class2_Podium_WM_412.pdf,176,Roadstar,219418,View ROI
24-105_2025-06-25_Class2_Podium_WM_412.pdf,C:/Users/brian.atkins/OneDrive - Lindamood Demolition/24-105 PHMS NPC - Documents/truck tickets/2025-06-25/export/24-105_2025-06-25_Class2_Podium_WM_412.pdf,178,Roadstar,214241,View ROI
24-105_2025-06-25_Class2_Podium_WM_412.pdf,C:/Users/brian.atkins/OneDrive - Lindamood Demolition/24-105 PHMS NPC - Documents/truck tickets/2025-06-25/export/24-105_2025-06-25_Class2_Podium_WM_412.pdf,173,Roadstar,218710,View ROI
24-105_2025-06-25_Class2_Podium_WM_412.pdf,C:/Users/brian.atkins/OneDrive - Lindamood Demolition/24-105 PHMS NPC - Documents/truck tickets/2025-06-25/export/24-105_2025-06-25_Class2_Podium_WM_412.pdf,177,Roadstar,219393,View ROI
24-105_2025-06-25_Class2_Podium_WM_412.pdf,C:/Users/brian.atkins/OneDrive - Lindamood Demolition/24-105 PHMS NPC - Documents/truck tickets/2025-06-25/export/24-105_2025-06-25_Class2_Podium_WM_412.pdf,180,Portillo,306110,View ROI
24-105_2025-06-25_Class2_Podium_WM_412.pdf,C:/Users/brian.atkins/OneDrive - Lindamood Demolition/24-105 PHMS NPC - Documents/truck tickets/2025-06-25/export/24-105_2025-06-25_Class2_Podium_WM_412.pdf,182,CorpoTechs,013851,View ROI
24-105_2025-06-25_Class2_Podium_WM_412.pdf,C:/Users/brian.atkins/OneDrive - Lindamood Demolition/24-105 PHMS NPC - Documents/truck tickets/2025-06-25/export/24-105_2025-06-25_Class2_Podium_WM_412.pdf,184,CorpoTechs,11837,View ROI
24-105_2025-06-25_Class2_Podium_WM_412.pdf,C:/Users/brian.atkins/OneDrive - Lindamood Demolition/24-105 PHMS NPC - Documents/truck tickets/2025-06-25/export/24-105_2025-06-25_Class2_Podium_WM_412.pdf,181,Portillo,320057,View ROI
24-105_2025-06-25_Class2_Podium_WM_412.pdf,C:/Users/brian.atkins/OneDrive - Lindamood Demolition/24-105 PHMS NPC - Documents/truck tickets/2025-06-25/export/24-105_2025-06-25_Class2_Podium_WM_412.pdf,186,Roadstar,213089,View ROI
24-105_2025-06-25_Class2_Podium_WM_412.pdf,C:/Users/brian.atkins/OneDrive - Lindamood Demolition/24-105 PHMS NPC - Documents/truck tickets/2025-06-25/export/24-105_2025-06-25_Class2_Podium_WM_412.pdf,183,Portillo,296396,View ROI
24-105_2025-06-25_Class2_Podium_WM_412.pdf,C:/Users/brian.atkins/OneDrive - Lindamood Demolition/24-105 PHMS NPC - Documents/truck tickets/2025-06-25/export/24-105_2025-06-25_Class2_Podium_WM_412.pdf,185,CorpoTechs,16785,View ROI
24-105_2025-06-25_Class2_Podium_WM_412.pdf,C:/Users/brian.atkins/OneDrive - Lindamood Demolition/24-105 PHMS NPC - Documents/truck tickets/2025-06-25/export/24-105_2025-06-25_Class2_Podium_WM_412.pdf,187,Roadstar,212371,View ROI
24-105_2025-06-25_Class2_Podium_WM_412.pdf,C:/Users/brian.atkins/OneDrive - Lindamood Demolition/24-105 PHMS NPC - Documents/truck tickets/2025-06-25/export/24-105_2025-06-25_Class2_Podium_WM_412.pdf,192,Roadstar,219069,View ROI
24-105_2025-06-25_Class2_Podium_WM_412.pdf,C:/Users/brian.atkins/OneDrive - Lindamood Demolition/24-105 PHMS NPC - Documents/truck tickets/2025-06-25/export/24-105_2025-06-25_Class2_Podium_WM_412.pdf,196,Portillo,312021,View ROI
24-105_2025-06-25_Class2_Podium_WM_412.pdf,C:/Users/brian.atkins/OneDrive - Lindamood Demolition/24-105 PHMS NPC - Documents/truck tickets/2025-06-25/export/24-105_2025-06-25_Class2_Podium_WM_412.pdf,190,Roadstar,218853,View ROI
24-105_2025-06-25_Class2_Podium_WM_412.pdf,C:/Users/brian.atkins/OneDrive - Lindamood Demolition/24-105 PHMS NPC - Documents/truck tickets/2025-06-25/export/24-105_2025-06-25_Class2_Podium_WM_412.pdf,189,CorpoTechs,014297,View ROI
24-105_2025-06-25_Class2_Podium_WM_412.pdf,C:/Users/brian.atkins/OneDrive - Lindamood Demolition/24-105 PHMS NPC - Documents/truck tickets/2025-06-25/export/24-105_2025-06-25_Class2_Podium_WM_412.pdf,188,CorpoTechs,013322,View ROI
24-105_2025-06-25_Class2_Podium_WM_412.pdf,C:/Users/brian.atkins/OneDrive - Lindamood Demolition/24-105 PHMS NPC - Documents/truck tickets/2025-06-25/export/24-105_2025-06-25_Class2_Podium_WM_412.pdf,191,Roadstar,212661,View ROI
24-105_2025-06-25_Class2_Podium_WM_412.pdf,C:/Users/brian.atkins/OneDrive - Lindamood Demolition/24-105 PHMS NPC - Documents/truck tickets/2025-06-25/export/24-105_2025-06-25_Class2_Podium_WM_412.pdf,195,Roadstar,219419,View ROI
24-105_2025-06-25_Class2_Podium_WM_412.pdf,C:/Users/brian.atkins/OneDrive - Lindamood Demolition/24-105 PHMS NPC - Documents/truck tickets/2025-06-25/export/24-105_2025-06-25_Class2_Podium_WM_412.pdf,193,Portillo,288514,View ROI
24-105_2025-06-25_Class2_Podium_WM_412.pdf,C:/Users/brian.atkins/OneDrive - Lindamood Demolition/24-105 PHMS NPC - Documents/truck tickets/2025-06-25/export/24-105_2025-06-25_Class2_Podium_WM_412.pdf,194,Roadstar,208207,View ROI
24-105_2025-06-25_Class2_Podium_WM_412.pdf,C:/Users/brian.atkins/OneDrive - Lindamood Demolition/24-105 PHMS NPC - Documents/truck tickets/2025-06-25/export/24-105_2025-06-25_Class2_Podium_WM_412.pdf,197,Roadstar,182082,View ROI
24-105_2025-06-25_Class2_Podium_WM_412.pdf,C:/Users/brian.atkins/OneDrive - Lindamood Demolition/24-105 PHMS NPC - Documents/truck tickets/2025-06-25/export/24-105_2025-06-25_Class2_Podium_WM_412.pdf,200,Roadstar,218985,View ROI
24-105_2025-06-25_Class2_Podium_WM_412.pdf,C:/Users/brian.atkins/OneDrive - Lindamood Demolition/24-105 PHMS NPC - Documents/truck tickets/2025-06-25/export/24-105_2025-06-25_Class2_Podium_WM_412.pdf,198,Portillo,307683,View ROI
24-105_2025-06-25_Class2_Podium_WM_412.pdf,C:/Users/brian.atkins/OneDrive - Lindamood Demolition/24-105 PHMS NPC - Documents/truck tickets/2025-06-25/export/24-105_2025-06-25_Class2_Podium_WM_412.pdf,199,Roadstar,218536,View ROI
24-105_2025-06-25_Class2_Podium_WM_412.pdf,C:/Users/brian.atkins/OneDrive - Lindamood Demolition/24-105 PHMS NPC - Documents/truck tickets/2025-06-25/export/24-105_2025-06-25_Class2_Podium_WM_412.pdf,201,CorpoTechs,16728,View ROI
24-105_2025-06-25_Class2_Podium_WM_412.pdf,C:/Users/brian.atkins/OneDrive - Lindamood Demolition/24-105 PHMS NPC - Documents/truck tickets/2025-06-25/export/24-105_2025-06-25_Class2_Podium_WM_412.pdf,202,Roadstar,213235,View ROI
24-105_2025-06-25_Class2_Podium_WM_412.pdf,C:/Users/brian.atkins/OneDrive - Lindamood Demolition/24-105 PHMS NPC - Documents/truck tickets/2025-06-25/export/24-105_2025-06-25_Class2_Podium_WM_412.pdf,203,CorpoTechs,19456,View ROI
24-105_2025-06-25_Class2_Podium_WM_412.pdf,C:/Users/brian.atkins/OneDrive - Lindamood Demolition/24-105 PHMS NPC - Documents/truck tickets/2025-06-25/export/24-105_2025-06-25_Class2_Podium_WM_412.pdf,206,CorpoTechs,021333,View ROI
24-105_2025-06-25_Class2_Podium_WM_412.pdf,C:/Users/brian.atkins/OneDrive - Lindamood Demolition/24-105 PHMS NPC - Documents/truck tickets/2025-06-25/export/24-105_2025-06-25_Class2_Podium_WM_412.pdf,210,Portillo,307195,View ROI
24-105_2025-06-25_Class2_Podium_WM_412.pdf,C:/Users/brian.atkins/OneDrive - Lindamood Demolition/24-105 PHMS NPC - Documents/truck tickets/2025-06-25/export/24-105_2025-06-25_Class2_Podium_WM_412.pdf,208,Roadstar,214147,View ROI
24-105_2025-06-25_Class2_Podium_WM_412.pdf,C:/Users/brian.atkins/OneDrive - Lindamood Demolition/24-105 PHMS NPC - Documents/truck tickets/2025-06-25/export/24-105_2025-06-25_Class2_Podium_WM_412.pdf,205,Roadstar,212754,View ROI
24-105_2025-06-25_Class2_Podium_WM_412.pdf,C:/Users/brian.atkins/OneDrive - Lindamood Demolition/24-105 PHMS NPC - Documents/truck tickets/2025-06-25/export/24-105_2025-06-25_Class2_Podium_WM_412.pdf,204,Portillo,307768,View ROI
24-105_2025-06-25_Class2_Podium_WM_412.pdf,C:/Users/brian.atkins/OneDrive - Lindamood Demolition/24-105 PHMS NPC - Documents/truck tickets/2025-06-25/export/24-105_2025-06-25_Class2_Podium_WM_412.pdf,212,Roadstar,675047,View ROI
24-105_2025-06-25_Class2_Podium_WM_412.pdf,C:/Users/brian.atkins/OneDrive - Lindamood Demolition/24-105 PHMS NPC - Documents/truck tickets/2025-06-25/export/24-105_2025-06-25_Class2_Podium_WM_412.pdf,209,CorpoTechs,10445,View ROI
24-105_2025-06-25_Class2_Podium_WM_412.pdf,C:/Users/brian.atkins/OneDrive - Lindamood Demolition/24-105 PHMS NPC - Documents/truck tickets/2025-06-25/export/24-105_2025-06-25_Class2_Podium_WM_412.pdf,207,Roadstar,219138,View ROI
24-105_2025-06-25_Class2_Podium_WM_412.pdf,C:/Users/brian.atkins/OneDrive - Lindamood Demolition/24-105 PHMS NPC - Documents/truck tickets/2025-06-25/export/24-105_2025-06-25_Class2_Podium_WM_412.pdf,211,Roadstar,206668,View ROI
24-105_2025-06-25_Class2_Podium_WM_412.pdf,C:/Users/brian.atkins/OneDrive - Lindamood Demolition/24-105 PHMS NPC - Documents/truck tickets/2025-06-25/export/24-105_2025-06-25_Class2_Podium_WM_412.pdf,215,Roadstar,218709,View ROI
24-105_2025-06-25_Class2_Podium_WM_412.pdf,C:/Users/brian.atkins/OneDrive - Lindamood Demolition/24-105 PHMS NPC - Documents/truck tickets/2025-06-25/export/24-105_2025-06-25_Class2_Podium_WM_412.pdf,214,Portillo,302639,View ROI
24-105_2025-06-25_Class2_Podium_WM_412.pdf,C:/Users/brian.atkins/OneDrive - Lindamood Demolition/24-105 PHMS NPC - Documents/truck tickets/2025-06-25/export/24-105_2025-06-25_Class2_Podium_WM_412.pdf,213,Roadstar,218685,View ROI
24-105_2025-06-25_Class2_Podium_WM_412.pdf,C:/Users/brian.atkins/OneDrive - Lindamood Demolition/24-105 PHMS NPC - Documents/truck tickets/2025-06-25/export/24-105_2025-06-25_Class2_Podium_WM_412.pdf,216,Roadstar,182083,View ROI
24-105_2025-06-25_Class2_Podium_WM_412.pdf,C:/Users/brian.atkins/OneDrive - Lindamood Demolition/24-105 PHMS NPC - Documents/truck tickets/2025-06-25/export/24-105_2025-06-25_Class2_Podium_WM_412.pdf,220,Roadstar,212295,View ROI
24-105_2025-06-25_Class2_Podium_WM_412.pdf,C:/Users/brian.atkins/OneDrive - Lindamood Demolition/24-105 PHMS NPC - Documents/truck tickets/2025-06-25/export/24-105_2025-06-25_Class2_Podium_WM_412.pdf,218,Roadstar,210696,View ROI
24-105_2025-06-25_Class2_Podium_WM_412.pdf,C:/Users/brian.atkins/OneDrive - Lindamood Demolition/24-105 PHMS NPC - Documents/truck tickets/2025-06-25/export/24-105_2025-06-25_Class2_Podium_WM_412.pdf,217,Roadstar,206667,View ROI
24-105_2025-06-25_Class2_Podium_WM_412.pdf,C:/Users/brian.atkins/OneDrive - Lindamood Demolition/24-105 PHMS NPC - Documents/truck tickets/2025-06-25/export/24-105_2025-06-25_Class2_Podium_WM_412.pdf,219,Roadstar,207798,View ROI
24-105_2025-06-25_Class2_Podium_WM_412.pdf,C:/Users/brian.atkins/OneDrive - Lindamood Demolition/24-105 PHMS NPC - Documents/truck tickets/2025-06-25/export/24-105_2025-06-25_Class2_Podium_WM_412.pdf,222,CorpoTechs,17449,View ROI
24-105_2025-06-25_Class2_Podium_WM_412.pdf,C:/Users/brian.atkins/OneDrive - Lindamood Demolition/24-105 PHMS NPC - Documents/truck tickets/2025-06-25/export/24-105_2025-06-25_Class2_Podium_WM_412.pdf,221,CorpoTechs,15392,View ROI
24-105_2025-06-25_Class2_Podium_WM_412.pdf,C:/Users/brian.atkins/OneDrive - Lindamood Demolition/24-105 PHMS NPC - Documents/truck tickets/2025-06-25/export/24-105_2025-06-25_Class2_Podium_WM_412.pdf,226,Roadstar,206025,View ROI
24-105_2025-06-25_Class2_Podium_WM_412.pdf,C:/Users/brian.atkins/OneDrive - Lindamood Demolition/24-105 PHMS NPC - Documents/truck tickets/2025-06-25/export/24-105_2025-06-25_Class2_Podium_WM_412.pdf,224,Portillo,306699,View ROI
24-105_2025-06-25_Class2_Podium_WM_412.pdf,C:/Users/brian.atkins/OneDrive - Lindamood Demolition/24-105 PHMS NPC - Documents/truck tickets/2025-06-25/export/24-105_2025-06-25_Class2_Podium_WM_412.pdf,230,Roadstar,588025,View ROI
24-105_2025-06-25_Class2_Podium_WM_412.pdf,C:/Users/brian.atkins/OneDrive - Lindamood Demolition/24-105 PHMS NPC - Documents/truck tickets/2025-06-25/export/24-105_2025-06-25_Class2_Podium_WM_412.pdf,228,Roadstar,183879,View ROI
24-105_2025-06-25_Class2_Podium_WM_412.pdf,C:/Users/brian.atkins/OneDrive - Lindamood Demolition/24-105 PHMS NPC - Documents/truck tickets/2025-06-25/export/24-105_2025-06-25_Class2_Podium_WM_412.pdf,223,Portillo,311155,View ROI
24-105_2025-06-25_Class2_Podium_WM_412.pdf,C:/Users/brian.atkins/OneDrive - Lindamood Demolition/24-105 PHMS NPC - Documents/truck tickets/2025-06-25/export/24-105_2025-06-25_Class2_Podium_WM_412.pdf,229,Roadstar,219392,View ROI
24-105_2025-06-25_Class2_Podium_WM_412.pdf,C:/Users/brian.atkins/OneDrive - Lindamood Demolition/24-105 PHMS NPC - Documents/truck tickets/2025-06-25/export/24-105_2025-06-25_Class2_Podium_WM_412.pdf,227,Roadstar,214065,View ROI
24-105_2025-06-25_Class2_Podium_WM_412.pdf,C:/Users/brian.atkins/OneDrive - Lindamood Demolition/24-105 PHMS NPC - Documents/truck tickets/2025-06-25/export/24-105_2025-06-25_Class2_Podium_WM_412.pdf,225,Roadstar,219417,View ROI
24-105_2025-06-25_Class2_Podium_WM_412.pdf,C:/Users/brian.atkins/OneDrive - Lindamood Demolition/24-105 PHMS NPC - Documents/truck tickets/2025-06-25/export/24-105_2025-06-25_Class2_Podium_WM_412.pdf,231,Portillo,303783,View ROI
24-105_2025-06-25_Class2_Podium_WM_412.pdf,C:/Users/brian.atkins/OneDrive - Lindamood Demolition/24-105 PHMS NPC - Documents/truck tickets/2025-06-25/export/24-105_2025-06-25_Class2_Podium_WM_412.pdf,232,Portillo,320056,View ROI
24-105_2025-06-25_Class2_Podium_WM_412.pdf,C:/Users/brian.atkins/OneDrive - Lindamood Demolition/24-105 PHMS NPC - Documents/truck tickets/2025-06-25/export/24-105_2025-06-25_Class2_Podium_WM_412.pdf,233,Portillo,306109,View ROI
24-105_2025-06-25_Class2_Podium_WM_412.pdf,C:/Users/brian.atkins/OneDrive - Lindamood Demolition/24-105 PHMS NPC - Documents/truck tickets/2025-06-25/export/24-105_2025-06-25_Class2_Podium_WM_412.pdf,234,CorpoTechs,15075,View ROI
24-105_2025-06-25_Class2_Podium_WM_412.pdf,C:/Users/brian.atkins/OneDrive - Lindamood Demolition/24-105 PHMS NPC - Documents/truck tickets/2025-06-25/export/24-105_2025-06-25_Class2_Podium_WM_412.pdf,236,Portillo,296395,View ROI
24-105_2025-06-25_Class2_Podium_WM_412.pdf,C:/Users/brian.atkins/OneDrive - Lindamood Demolition/24-105 PHMS NPC - Documents/truck tickets/2025-06-25/export/24-105_2025-06-25_Class2_Podium_WM_412.pdf,241,Roadstar,218852,View ROI
24-105_2025-06-25_Class2_Podium_WM_412.pdf,C:/Users/brian.atkins/OneDrive - Lindamood Demolition/24-105 PHMS NPC - Documents/truck tickets/2025-06-25/export/24-105_2025-06-25_Class2_Podium_WM_412.pdf,235,CorpoTechs,013321,View ROI
24-105_2025-06-25_Class2_Podium_WM_412.pdf,C:/Users/brian.atkins/OneDrive - Lindamood Demolition/24-105 PHMS NPC - Documents/truck tickets/2025-06-25/export/24-105_2025-06-25_Class2_Podium_WM_412.pdf,240,CorpoTechs,16784,View ROI
24-105_2025-06-25_Class2_Podium_WM_412.pdf,C:/Users/brian.atkins/OneDrive - Lindamood Demolition/24-105 PHMS NPC - Documents/truck tickets/2025-06-25/export/24-105_2025-06-25_Class2_Podium_WM_412.pdf,237,CorpoTechs,11836,View ROI
24-105_2025-06-25_Class2_Podium_WM_412.pdf,C:/Users/brian.atkins/OneDrive - Lindamood Demolition/24-105 PHMS NPC - Documents/truck tickets/2025-06-25/export/24-105_2025-06-25_Class2_Podium_WM_412.pdf,239,Roadstar,213088,View ROI
24-105_2025-06-25_Class2_Podium_WM_412.pdf,C:/Users/brian.atkins/OneDrive - Lindamood Demolition/24-105 PHMS NPC - Documents/truck tickets/2025-06-25/export/24-105_2025-06-25_Class2_Podium_WM_412.pdf,242,Roadstar,212660,View ROI
24-105_2025-06-25_Class2_Podium_WM_412.pdf,C:/Users/brian.atkins/OneDrive - Lindamood Demolition/24-105 PHMS NPC - Documents/truck tickets/2025-06-25/export/24-105_2025-06-25_Class2_Podium_WM_412.pdf,238,CorpoTechs,014296,View ROI
24-105_2025-06-25_Class2_Podium_WM_412.pdf,C:/Users/brian.atkins/OneDrive - Lindamood Demolition/24-105 PHMS NPC - Documents/truck tickets/2025-06-25/export/24-105_2025-06-25_Class2_Podium_WM_412.pdf,245,Portillo,307682,View ROI
24-105_2025-06-25_Class2_Podium_WM_412.pdf,C:/Users/brian.atkins/OneDrive - Lindamood Demolition/24-105 PHMS NPC - Documents/truck tickets/2025-06-25/export/24-105_2025-06-25_Class2_Podium_WM_412.pdf,243,Roadstar,219068,View ROI
24-105_2025-06-25_Class2_Podium_WM_412.pdf,C:/Users/brian.atkins/OneDrive - Lindamood Demolition/24-105 PHMS NPC - Documents/truck tickets/2025-06-25/export/24-105_2025-06-25_Class2_Podium_WM_412.pdf,246,Portillo,312020,View ROI
24-105_2025-06-25_Class2_Podium_WM_412.pdf,C:/Users/brian.atkins/OneDrive - Lindamood Demolition/24-105 PHMS NPC - Documents/truck tickets/2025-06-25/export/24-105_2025-06-25_Class2_Podium_WM_412.pdf,244,Portillo,288513,View ROI
24-105_2025-06-25_Class2_Podium_WM_412.pdf,C:/Users/brian.atkins/OneDrive - Lindamood Demolition/24-105 PHMS NPC - Documents/truck tickets/2025-06-25/export/24-105_2025-06-25_Class2_Podium_WM_412.pdf,247,CorpoTechs,021331,View ROI
24-105_2025-06-25_Class2_Podium_WM_412.pdf,C:/Users/brian.atkins/OneDrive - Lindamood Demolition/24-105 PHMS NPC - Documents/truck tickets/2025-06-25/export/24-105_2025-06-25_Class2_Podium_WM_412.pdf,248,Roadstar,213234,View ROI
24-105_2025-06-25_Class2_Podium_WM_412.pdf,C:/Users/brian.atkins/OneDrive - Lindamood Demolition/24-105 PHMS NPC - Documents/truck tickets/2025-06-25/export/24-105_2025-06-25_Class2_Podium_WM_412.pdf,249,Roadstar,218535,View ROI
24-105_2025-06-25_Class2_Podium_WM_412.pdf,C:/Users/brian.atkins/OneDrive - Lindamood Demolition/24-105 PHMS NPC - Documents/truck tickets/2025-06-25/export/24-105_2025-06-25_Class2_Podium_WM_412.pdf,250,Portillo,307767,View ROI
24-105_2025-06-25_Class2_Podium_WM_412.pdf,C:/Users/brian.atkins/OneDrive - Lindamood Demolition/24-105 PHMS NPC - Documents/truck tickets/2025-06-25/export/24-105_2025-06-25_Class2_Podium_WM_412.pdf,251,CorpoTechs,19455,View ROI
24-105_2025-06-25_Class2_Podium_WM_412.pdf,C:/Users/brian.atkins/OneDrive - Lindamood Demolition/24-105 PHMS NPC - Documents/truck tickets/2025-06-25/export/24-105_2025-06-25_Class2_Podium_WM_412.pdf,253,Roadstar,218984,View ROI
24-105_2025-06-25_Class2_Podium_WM_412.pdf,C:/Users/brian.atkins/OneDrive - Lindamood Demolition/24-105 PHMS NPC - Documents/truck tickets/2025-06-25/export/24-105_2025-06-25_Class2_Podium_WM_412.pdf,252,CorpoTechs,10444,View ROI
24-105_2025-06-25_Class2_Podium_WM_412.pdf,C:/Users/brian.atkins/OneDrive - Lindamood Demolition/24-105 PHMS NPC - Documents/truck tickets/2025-06-25/export/24-105_2025-06-25_Class2_Podium_WM_412.pdf,255,Roadstar,212753,View ROI
24-105_2025-06-25_Class2_Podium_WM_412.pdf,C:/Users/brian.atkins/OneDrive - Lindamood Demolition/24-105 PHMS NPC - Documents/truck tickets/2025-06-25/export/24-105_2025-06-25_Class2_Podium_WM_412.pdf,254,Roadstar,217205,View ROI
24-105_2025-06-25_Class2_Podium_WM_412.pdf,C:/Users/brian.atkins/OneDrive - Lindamood Demolition/24-105 PHMS NPC - Documents/truck tickets/2025-06-25/export/24-105_2025-06-25_Class2_Podium_WM_412.pdf,256,Roadstar,182081,View ROI
24-105_2025-06-25_Class2_Podium_WM_412.pdf,C:/Users/brian.atkins/OneDrive - Lindamood Demolition/24-105 PHMS NPC - Documents/truck tickets/2025-06-25/export/24-105_2025-06-25_Class2_Podium_WM_412.pdf,258,Roadstar,219137,View ROI
24-105_2025-06-25_Class2_Podium_WM_412.pdf,C:/Users/brian.atkins/OneDrive - Lindamood Demolition/24-105 PHMS NPC - Documents/truck tickets/2025-06-25/export/24-105_2025-06-25_Class2_Podium_WM_412.pdf,261,Portillo,307194,View ROI
24-105_2025-06-25_Class2_Podium_WM_412.pdf,C:/Users/brian.atkins/OneDrive - Lindamood Demolition/24-105 PHMS NPC - Documents/truck tickets/2025-06-25/export/24-105_2025-06-25_Class2_Podium_WM_412.pdf,257,Roadstar,214146,View ROI
24-105_2025-06-25_Class2_Podium_WM_412.pdf,C:/Users/brian.atkins/OneDrive - Lindamood Demolition/24-105 PHMS NPC - Documents/truck tickets/2025-06-25/export/24-105_2025-06-25_Class2_Podium_WM_412.pdf,262,Roadstar,218708,View ROI
24-105_2025-06-25_Class2_Podium_WM_412.pdf,C:/Users/brian.atkins/OneDrive - Lindamood Demolition/24-105 PHMS NPC - Documents/truck tickets/2025-06-25/export/24-105_2025-06-25_Class2_Podium_WM_412.pdf,265,Roadstar,214235,View ROI
24-105_2025-06-25_Class2_Podium_WM_412.pdf,C:/Users/brian.atkins/OneDrive - Lindamood Demolition/24-105 PHMS NPC - Documents/truck tickets/2025-06-25/export/24-105_2025-06-25_Class2_Podium_WM_412.pdf,260,CorpoTechs,15454,View ROI
24-105_2025-06-25_Class2_Podium_WM_412.pdf,C:/Users/brian.atkins/OneDrive - Lindamood Demolition/24-105 PHMS NPC - Documents/truck tickets/2025-06-25/export/24-105_2025-06-25_Class2_Podium_WM_412.pdf,263,Roadstar,675046,View ROI
24-105_2025-06-25_Class2_Podium_WM_412.pdf,C:/Users/brian.atkins/OneDrive - Lindamood Demolition/24-105 PHMS NPC - Documents/truck tickets/2025-06-25/export/24-105_2025-06-25_Class2_Podium_WM_412.pdf,267,Roadstar,219416,View ROI
24-105_2025-06-25_Class2_Podium_WM_412.pdf,C:/Users/brian.atkins/OneDrive - Lindamood Demolition/24-105 PHMS NPC - Documents/truck tickets/2025-06-25/export/24-105_2025-06-25_Class2_Podium_WM_412.pdf,259,Portillo,302638,View ROI
24-105_2025-06-25_Class2_Podium_WM_412.pdf,C:/Users/brian.atkins/OneDrive - Lindamood Demolition/24-105 PHMS NPC - Documents/truck tickets/2025-06-25/export/24-105_2025-06-25_Class2_Podium_WM_412.pdf,266,Roadstar,212294,View ROI
24-105_2025-06-25_Class2_Podium_WM_412.pdf,C:/Users/brian.atkins/OneDrive - Lindamood Demolition/24-105 PHMS NPC - Documents/truck tickets/2025-06-25/export/24-105_2025-06-25_Class2_Podium_WM_412.pdf,264,Roadstar,210695,View ROI
24-105_2025-06-25_Class2_Podium_WM_412.pdf,C:/Users/brian.atkins/OneDrive - Lindamood Demolition/24-105 PHMS NPC - Documents/truck tickets/2025-06-25/export/24-105_2025-06-25_Class2_Podium_WM_412.pdf,268,CorpoTechs,14448,View ROI
24-105_2025-06-25_Class2_Podium_WM_412.pdf,C:/Users/brian.atkins/OneDrive - Lindamood Demolition/24-105 PHMS NPC - Documents/truck tickets/2025-06-25/export/24-105_2025-06-25_Class2_Podium_WM_412.pdf,269,Roadstar,207797,View ROI
24-105_2025-06-25_Class2_Podium_WM_412.pdf,C:/Users/brian.atkins/OneDrive - Lindamood Demolition/24-105 PHMS NPC - Documents/truck tickets/2025-06-25/export/24-105_2025-06-25_Class2_Podium_WM_412.pdf,270,Portillo,288549,View ROI
24-105_2025-06-25_Class2_Podium_WM_412.pdf,C:/Users/brian.atkins/OneDrive - Lindamood Demolition/24-105 PHMS NPC - Documents/truck tickets/2025-06-25/export/24-105_2025-06-25_Class2_Podium_WM_412.pdf,271,CorpoTechs,15391,View ROI
24-105_2025-06-25_Class2_Podium_WM_412.pdf,C:/Users/brian.atkins/OneDrive - Lindamood Demolition/24-105 PHMS NPC - Documents/truck tickets/2025-06-25/export/24-105_2025-06-25_Class2_Podium_WM_412.pdf,272,Roadstar,218684,View ROI
24-105_2025-06-25_Class2_Podium_WM_412.pdf,C:/Users/brian.atkins/OneDrive - Lindamood Demolition/24-105 PHMS NPC - Documents/truck tickets/2025-06-25/export/24-105_2025-06-25_Class2_Podium_WM_412.pdf,276,Roadstar,214064,View ROI
24-105_2025-06-25_Class2_Podium_WM_412.pdf,C:/Users/brian.atkins/OneDrive - Lindamood Demolition/24-105 PHMS NPC - Documents/truck tickets/2025-06-25/export/24-105_2025-06-25_Class2_Podium_WM_412.pdf,275,Portillo,309782,View ROI
24-105_2025-06-25_Class2_Podium_WM_412.pdf,C:/Users/brian.atkins/OneDrive - Lindamood Demolition/24-105 PHMS NPC - Documents/truck tickets/2025-06-25/export/24-105_2025-06-25_Class2_Podium_WM_412.pdf,277,Portillo,306698,View ROI
24-105_2025-06-25_Class2_Podium_WM_412.pdf,C:/Users/brian.atkins/OneDrive - Lindamood Demolition/24-105 PHMS NPC - Documents/truck tickets/2025-06-25/export/24-105_2025-06-25_Class2_Podium_WM_412.pdf,273,Portillo,311156,View ROI
24-105_2025-06-25_Class2_Podium_WM_412.pdf,C:/Users/brian.atkins/OneDrive - Lindamood Demolition/24-105 PHMS NPC - Documents/truck tickets/2025-06-25/export/24-105_2025-06-25_Class2_Podium_WM_412.pdf,278,Roadstar,183878,View ROI
24-105_2025-06-25_Class2_Podium_WM_412.pdf,C:/Users/brian.atkins/OneDrive - Lindamood Demolition/24-105 PHMS NPC - Documents/truck tickets/2025-06-25/export/24-105_2025-06-25_Class2_Podium_WM_412.pdf,279,Roadstar,219391,View ROI
24-105_2025-06-25_Class2_Podium_WM_412.pdf,C:/Users/brian.atkins/OneDrive - Lindamood Demolition/24-105 PHMS NPC - Documents/truck tickets/2025-06-25/export/24-105_2025-06-25_Class2_Podium_WM_412.pdf,280,Roadstar,588024,View ROI
24-105_2025-06-25_Class2_Podium_WM_412.pdf,C:/Users/brian.atkins/OneDrive - Lindamood Demolition/24-105 PHMS NPC - Documents/truck tickets/2025-06-25/export/24-105_2025-06-25_Class2_Podium_WM_412.pdf,285,Portillo,320055,View ROI
24-105_2025-06-25_Class2_Podium_WM_412.pdf,C:/Users/brian.atkins/OneDrive - Lindamood Demolition/24-105 PHMS NPC - Documents/truck tickets/2025-06-25/export/24-105_2025-06-25_Class2_Podium_WM_412.pdf,274,Roadstar,206024,View ROI
24-105_2025-06-25_Class2_Podium_WM_412.pdf,C:/Users/brian.atkins/OneDrive - Lindamood Demolition/24-105 PHMS NPC - Documents/truck tickets/2025-06-25/export/24-105_2025-06-25_Class2_Podium_WM_412.pdf,282,CorpoTechs,013320,View ROI
24-105_2025-06-25_Class2_Podium_WM_412.pdf,C:/Users/brian.atkins/OneDrive - Lindamood Demolition/24-105 PHMS NPC - Documents/truck tickets/2025-06-25/export/24-105_2025-06-25_Class2_Podium_WM_412.pdf,283,CorpoTechs,15074,View ROI
24-105_2025-06-25_Class2_Podium_WM_412.pdf,C:/Users/brian.atkins/OneDrive - Lindamood Demolition/24-105 PHMS NPC - Documents/truck tickets/2025-06-25/export/24-105_2025-06-25_Class2_Podium_WM_412.pdf,281,Portillo,396394,View ROI
24-105_2025-06-25_Class2_Podium_WM_412.pdf,C:/Users/brian.atkins/OneDrive - Lindamood Demolition/24-105 PHMS NPC - Documents/truck tickets/2025-06-25/export/24-105_2025-06-25_Class2_Podium_WM_412.pdf,286,CorpoTechs,014295,View ROI
24-105_2025-06-25_Class2_Podium_WM_412.pdf,C:/Users/brian.atkins/OneDrive - Lindamood Demolition/24-105 PHMS NPC - Documents/truck tickets/2025-06-25/export/24-105_2025-06-25_Class2_Podium_WM_412.pdf,284,Portillo,306108,View ROI
24-105_2025-06-25_Class2_Podium_WM_412.pdf,C:/Users/brian.atkins/OneDrive - Lindamood Demolition/24-105 PHMS NPC - Documents/truck tickets/2025-06-25/export/24-105_2025-06-25_Class2_Podium_WM_412.pdf,288,Roadstar,218851,View ROI
24-105_2025-06-25_Class2_Podium_WM_412.pdf,C:/Users/brian.atkins/OneDrive - Lindamood Demolition/24-105 PHMS NPC - Documents/truck tickets/2025-06-25/export/24-105_2025-06-25_Class2_Podium_WM_412.pdf,287,CorpoTechs,11835,View ROI
24-105_2025-06-25_Class2_Podium_WM_412.pdf,C:/Users/brian.atkins/OneDrive - Lindamood Demolition/24-105 PHMS NPC - Documents/truck tickets/2025-06-25/export/24-105_2025-06-25_Class2_Podium_WM_412.pdf,289,Roadstar,212659,View ROI
24-105_2025-06-25_Class2_Podium_WM_412.pdf,C:/Users/brian.atkins/OneDrive - Lindamood Demolition/24-105 PHMS NPC - Documents/truck tickets/2025-06-25/export/24-105_2025-06-25_Class2_Podium_WM_412.pdf,290,Roadstar,219067,View ROI
24-105_2025-06-25_Class2_Podium_WM_412.pdf,C:/Users/brian.atkins/OneDrive - Lindamood Demolition/24-105 PHMS NPC - Documents/truck tickets/2025-06-25/export/24-105_2025-06-25_Class2_Podium_WM_412.pdf,291,Roadstar,213087,View ROI
24-105_2025-06-25_Class2_Podium_WM_412.pdf,C:/Users/brian.atkins/OneDrive - Lindamood Demolition/24-105 PHMS NPC - Documents/truck tickets/2025-06-25/export/24-105_2025-06-25_Class2_Podium_WM_412.pdf,293,Portillo,288512,View ROI
24-105_2025-06-25_Class2_Podium_WM_412.pdf,C:/Users/brian.atkins/OneDrive - Lindamood Demolition/24-105 PHMS NPC - Documents/truck tickets/2025-06-25/export/24-105_2025-06-25_Class2_Podium_WM_412.pdf,292,Portillo,307681,View ROI
24-105_2025-06-25_Class2_Podium_WM_412.pdf,C:/Users/brian.atkins/OneDrive - Lindamood Demolition/24-105 PHMS NPC - Documents/truck tickets/2025-06-25/export/24-105_2025-06-25_Class2_Podium_WM_412.pdf,301,CorpoTechs,15453,View ROI
24-105_2025-06-25_Class2_Podium_WM_412.pdf,C:/Users/brian.atkins/OneDrive - Lindamood Demolition/24-105 PHMS NPC - Documents/truck tickets/2025-06-25/export/24-105_2025-06-25_Class2_Podium_WM_412.pdf,296,CorpoTechs,19454,View ROI
24-105_2025-06-25_Class2_Podium_WM_412.pdf,C:/Users/brian.atkins/OneDrive - Lindamood Demolition/24-105 PHMS NPC - Documents/truck tickets/2025-06-25/export/24-105_2025-06-25_Class2_Podium_WM_412.pdf,294,Portillo,312019,View ROI
24-105_2025-06-25_Class2_Podium_WM_412.pdf,C:/Users/brian.atkins/OneDrive - Lindamood Demolition/24-105 PHMS NPC - Documents/truck tickets/2025-06-25/export/24-105_2025-06-25_Class2_Podium_WM_412.pdf,297,CorpoTechs,16226,View ROI
24-105_2025-06-25_Class2_Podium_WM_412.pdf,C:/Users/brian.atkins/OneDrive - Lindamood Demolition/24-105 PHMS NPC - Documents/truck tickets/2025-06-25/export/24-105_2025-06-25_Class2_Podium_WM_412.pdf,295,CorpoTechs,16783,View ROI
24-105_2025-06-25_Class2_Podium_WM_412.pdf,C:/Users/brian.atkins/OneDrive - Lindamood Demolition/24-105 PHMS NPC - Documents/truck tickets/2025-06-25/export/24-105_2025-06-25_Class2_Podium_WM_412.pdf,304,Roadstar,218534,View ROI
24-105_2025-06-25_Class2_Podium_WM_412.pdf,C:/Users/brian.atkins/OneDrive - Lindamood Demolition/24-105 PHMS NPC - Documents/truck tickets/2025-06-25/export/24-105_2025-06-25_Class2_Podium_WM_412.pdf,300,Roadstar,213233,View ROI
24-105_2025-06-25_Class2_Podium_WM_412.pdf,C:/Users/brian.atkins/OneDrive - Lindamood Demolition/24-105 PHMS NPC - Documents/truck tickets/2025-06-25/export/24-105_2025-06-25_Class2_Podium_WM_412.pdf,303,Portillo,307766,View ROI
24-105_2025-06-25_Class2_Podium_WM_412.pdf,C:/Users/brian.atkins/OneDrive - Lindamood Demolition/24-105 PHMS NPC - Documents/truck tickets/2025-06-25/export/24-105_2025-06-25_Class2_Podium_WM_412.pdf,298,CorpoTechs,16227,View ROI
24-105_2025-06-25_Class2_Podium_WM_412.pdf,C:/Users/brian.atkins/OneDrive - Lindamood Demolition/24-105 PHMS NPC - Documents/truck tickets/2025-06-25/export/24-105_2025-06-25_Class2_Podium_WM_412.pdf,299,Roadstar,212370,View ROI
24-105_2025-06-25_Class2_Podium_WM_412.pdf,C:/Users/brian.atkins/OneDrive - Lindamood Demolition/24-105 PHMS NPC - Documents/truck tickets/2025-06-25/export/24-105_2025-06-25_Class2_Podium_WM_412.pdf,305,Portillo,302637,View ROI
24-105_2025-06-25_Class2_Podium_WM_412.pdf,C:/Users/brian.atkins/OneDrive - Lindamood Demolition/24-105 PHMS NPC - Documents/truck tickets/2025-06-25/export/24-105_2025-06-25_Class2_Podium_WM_412.pdf,302,CorpoTechs,10443,View ROI
24-105_2025-06-25_Class2_Podium_WM_412.pdf,C:/Users/brian.atkins/OneDrive - Lindamood Demolition/24-105 PHMS NPC - Documents/truck tickets/2025-06-25/export/24-105_2025-06-25_Class2_Podium_WM_412.pdf,306,Roadstar,182080,View ROI
24-105_2025-06-25_Class2_Podium_WM_412.pdf,C:/Users/brian.atkins/OneDrive - Lindamood Demolition/24-105 PHMS NPC - Documents/truck tickets/2025-06-25/export/24-105_2025-06-25_Class2_Podium_WM_412.pdf,307,Roadstar,217204,View ROI
24-105_2025-06-25_Class2_Podium_WM_412.pdf,C:/Users/brian.atkins/OneDrive - Lindamood Demolition/24-105 PHMS NPC - Documents/truck tickets/2025-06-25/export/24-105_2025-06-25_Class2_Podium_WM_412.pdf,308,Roadstar,218707,View ROI
24-105_2025-06-25_Class2_Podium_WM_412.pdf,C:/Users/brian.atkins/OneDrive - Lindamood Demolition/24-105 PHMS NPC - Documents/truck tickets/2025-06-25/export/24-105_2025-06-25_Class2_Podium_WM_412.pdf,311,Roadstar,214144,View ROI
24-105_2025-06-25_Class2_Podium_WM_412.pdf,C:/Users/brian.atkins/OneDrive - Lindamood Demolition/24-105 PHMS NPC - Documents/truck tickets/2025-06-25/export/24-105_2025-06-25_Class2_Podium_WM_412.pdf,310,Roadstar,218983,View ROI
24-105_2025-06-25_Class2_Podium_WM_412.pdf,C:/Users/brian.atkins/OneDrive - Lindamood Demolition/24-105 PHMS NPC - Documents/truck tickets/2025-06-25/export/24-105_2025-06-25_Class2_Podium_WM_412.pdf,309,Roadstar,219136,View ROI
24-105_2025-06-25_Class2_Podium_WM_412.pdf,C:/Users/brian.atkins/OneDrive - Lindamood Demolition/24-105 PHMS NPC - Documents/truck tickets/2025-06-25/export/24-105_2025-06-25_Class2_Podium_WM_412.pdf,312,Roadstar,214145,View ROI
24-105_2025-06-25_Class2_Podium_WM_412.pdf,C:/Users/brian.atkins/OneDrive - Lindamood Demolition/24-105 PHMS NPC - Documents/truck tickets/2025-06-25/export/24-105_2025-06-25_Class2_Podium_WM_412.pdf,317,Roadstar,675045,View ROI
24-105_2025-06-25_Class2_Podium_WM_412.pdf,C:/Users/brian.atkins/OneDrive - Lindamood Demolition/24-105 PHMS NPC - Documents/truck tickets/2025-06-25/export/24-105_2025-06-25_Class2_Podium_WM_412.pdf,315,Roadstar,212369,View ROI
24-105_2025-06-25_Class2_Podium_WM_412.pdf,C:/Users/brian.atkins/OneDrive - Lindamood Demolition/24-105 PHMS NPC - Documents/truck tickets/2025-06-25/export/24-105_2025-06-25_Class2_Podium_WM_412.pdf,320,Roadstar,206666,View ROI
24-105_2025-06-25_Class2_Podium_WM_412.pdf,C:/Users/brian.atkins/OneDrive - Lindamood Demolition/24-105 PHMS NPC - Documents/truck tickets/2025-06-25/export/24-105_2025-06-25_Class2_Podium_WM_412.pdf,318,Roadstar,212293,View ROI
24-105_2025-06-25_Class2_Podium_WM_412.pdf,C:/Users/brian.atkins/OneDrive - Lindamood Demolition/24-105 PHMS NPC - Documents/truck tickets/2025-06-25/export/24-105_2025-06-25_Class2_Podium_WM_412.pdf,316,Roadstar,210694,View ROI
24-105_2025-06-25_Class2_Podium_WM_412.pdf,C:/Users/brian.atkins/OneDrive - Lindamood Demolition/24-105 PHMS NPC - Documents/truck tickets/2025-06-25/export/24-105_2025-06-25_Class2_Podium_WM_412.pdf,322,Portillo,309781,View ROI
24-105_2025-06-25_Class2_Podium_WM_412.pdf,C:/Users/brian.atkins/OneDrive - Lindamood Demolition/24-105 PHMS NPC - Documents/truck tickets/2025-06-25/export/24-105_2025-06-25_Class2_Podium_WM_412.pdf,319,CorpoTechs,15390,View ROI
24-105_2025-06-25_Class2_Podium_WM_412.pdf,C:/Users/brian.atkins/OneDrive - Lindamood Demolition/24-105 PHMS NPC - Documents/truck tickets/2025-06-25/export/24-105_2025-06-25_Class2_Podium_WM_412.pdf,314,Portillo,307193,View ROI
24-105_2025-06-25_Class2_Podium_WM_412.pdf,C:/Users/brian.atkins/OneDrive - Lindamood Demolition/24-105 PHMS NPC - Documents/truck tickets/2025-06-25/export/24-105_2025-06-25_Class2_Podium_WM_412.pdf,323,Roadstar,206023,View ROI
24-105_2025-06-25_Class2_Podium_WM_412.pdf,C:/Users/brian.atkins/OneDrive - Lindamood Demolition/24-105 PHMS NPC - Documents/truck tickets/2025-06-25/export/24-105_2025-06-25_Class2_Podium_WM_412.pdf,321,Roadstar,207796,View ROI
24-105_2025-06-25_Class2_Podium_WM_412.pdf,C:/Users/brian.atkins/OneDrive - Lindamood Demolition/24-105 PHMS NPC - Documents/truck tickets/2025-06-25/export/24-105_2025-06-25_Class2_Podium_WM_412.pdf,313,Roadstar,219415,View ROI
24-105_2025-06-25_Class2_Podium_WM_412.pdf,C:/Users/brian.atkins/OneDrive - Lindamood Demolition/24-105 PHMS NPC - Documents/truck tickets/2025-06-25/export/24-105_2025-06-25_Class2_Podium_WM_412.pdf,324,Roadstar,218683,View ROI
24-105_2025-06-25_Class2_Podium_WM_412.pdf,C:/Users/brian.atkins/OneDrive - Lindamood Demolition/24-105 PHMS NPC - Documents/truck tickets/2025-06-25/export/24-105_2025-06-25_Class2_Podium_WM_412.pdf,325,Roadstar,219390,View ROI
24-105_2025-06-25_Class2_Podium_WM_412.pdf,C:/Users/brian.atkins/OneDrive - Lindamood Demolition/24-105 PHMS NPC - Documents/truck tickets/2025-06-25/export/24-105_2025-06-25_Class2_Podium_WM_412.pdf,326,Roadstar,214234,View ROI
24-105_2025-06-25_Class2_Podium_WM_412.pdf,C:/Users/brian.atkins/OneDrive - Lindamood Demolition/24-105 PHMS NPC - Documents/truck tickets/2025-06-25/export/24-105_2025-06-25_Class2_Podium_WM_412.pdf,327,Portillo,288548,View ROI
24-105_2025-06-25_Class2_Podium_WM_412.pdf,C:/Users/brian.atkins/OneDrive - Lindamood Demolition/24-105 PHMS NPC - Documents/truck tickets/2025-06-25/export/24-105_2025-06-25_Class2_Podium_WM_412.pdf,328,Roadstar,214063,View ROI
24-105_2025-06-25_Class2_Podium_WM_412.pdf,C:/Users/brian.atkins/OneDrive - Lindamood Demolition/24-105 PHMS NPC - Documents/truck tickets/2025-06-25/export/24-105_2025-06-25_Class2_Podium_WM_412.pdf,329,Roadstar,183877,View ROI
24-105_2025-06-25_Class2_Podium_WM_412.pdf,C:/Users/brian.atkins/OneDrive - Lindamood Demolition/24-105 PHMS NPC - Documents/truck tickets/2025-06-25/export/24-105_2025-06-25_Class2_Podium_WM_412.pdf,330,Portillo,311155,View ROI
24-105_2025-06-25_Class2_Podium_WM_412.pdf,C:/Users/brian.atkins/OneDrive - Lindamood Demolition/24-105 PHMS NPC - Documents/truck tickets/2025-06-25/export/24-105_2025-06-25_Class2_Podium_WM_412.pdf,331,CorpoTechs,013319,View ROI
24-105_2025-06-25_Class2_Podium_WM_412.pdf,C:/Users/brian.atkins/OneDrive - Lindamood Demolition/24-105 PHMS NPC - Documents/truck tickets/2025-06-25/export/24-105_2025-06-25_Class2_Podium_WM_412.pdf,334,Roadstar,588023,View ROI
24-105_2025-06-25_Class2_Podium_WM_412.pdf,C:/Users/brian.atkins/OneDrive - Lindamood Demolition/24-105 PHMS NPC - Documents/truck tickets/2025-06-25/export/24-105_2025-06-25_Class2_Podium_WM_412.pdf,332,Roadstar,219419,View ROI
24-105_2025-06-25_Class2_Podium_WM_412.pdf,C:/Users/brian.atkins/OneDrive - Lindamood Demolition/24-105 PHMS NPC - Documents/truck tickets/2025-06-25/export/24-105_2025-06-25_Class2_Podium_WM_412.pdf,337,CorpoTechs,11834,View ROI
24-105_2025-06-25_Class2_Podium_WM_412.pdf,C:/Users/brian.atkins/OneDrive - Lindamood Demolition/24-105 PHMS NPC - Documents/truck tickets/2025-06-25/export/24-105_2025-06-25_Class2_Podium_WM_412.pdf,339,Portillo,320053,View ROI
24-105_2025-06-25_Class2_Podium_WM_412.pdf,C:/Users/brian.atkins/OneDrive - Lindamood Demolition/24-105 PHMS NPC - Documents/truck tickets/2025-06-25/export/24-105_2025-06-25_Class2_Podium_WM_412.pdf,333,CorpoTechs,17447,View ROI
24-105_2025-06-25_Class2_Podium_WM_412.pdf,C:/Users/brian.atkins/OneDrive - Lindamood Demolition/24-105 PHMS NPC - Documents/truck tickets/2025-06-25/export/24-105_2025-06-25_Class2_Podium_WM_412.pdf,336,Portillo,296393,View ROI
24-105_2025-06-25_Class2_Podium_WM_412.pdf,C:/Users/brian.atkins/OneDrive - Lindamood Demolition/24-105 PHMS NPC - Documents/truck tickets/2025-06-25/export/24-105_2025-06-25_Class2_Podium_WM_412.pdf,335,CorpoTechs,014294,View ROI
24-105_2025-06-25_Class2_Podium_WM_412.pdf,C:/Users/brian.atkins/OneDrive - Lindamood Demolition/24-105 PHMS NPC - Documents/truck tickets/2025-06-25/export/24-105_2025-06-25_Class2_Podium_WM_412.pdf,341,CorpoTechs,021329,View ROI
24-105_2025-06-25_Class2_Podium_WM_412.pdf,C:/Users/brian.atkins/OneDrive - Lindamood Demolition/24-105 PHMS NPC - Documents/truck tickets/2025-06-25/export/24-105_2025-06-25_Class2_Podium_WM_412.pdf,338,Portillo,320054,View ROI
24-105_2025-06-25_Class2_Podium_WM_412.pdf,C:/Users/brian.atkins/OneDrive - Lindamood Demolition/24-105 PHMS NPC - Documents/truck tickets/2025-06-25/export/24-105_2025-06-25_Class2_Podium_WM_412.pdf,340,Portillo,306107,View ROI
24-105_2025-06-25_Class2_Podium_WM_412.pdf,C:/Users/brian.atkins/OneDrive - Lindamood Demolition/24-105 PHMS NPC - Documents/truck tickets/2025-06-25/export/24-105_2025-06-25_Class2_Podium_WM_412.pdf,342,Portillo,307680,View ROI
24-105_2025-06-25_Class2_Podium_WM_412.pdf,C:/Users/brian.atkins/OneDrive - Lindamood Demolition/24-105 PHMS NPC - Documents/truck tickets/2025-06-25/export/24-105_2025-06-25_Class2_Podium_WM_412.pdf,343,Roadstar,212658,View ROI
24-105_2025-06-25_Class2_Podium_WM_412.pdf,C:/Users/brian.atkins/OneDrive - Lindamood Demolition/24-105 PHMS NPC - Documents/truck tickets/2025-06-25/export/24-105_2025-06-25_Class2_Podium_WM_412.pdf,344,Portillo,312018,View ROI
24-105_2025-06-25_Class2_Podium_WM_412.pdf,C:/Users/brian.atkins/OneDrive - Lindamood Demolition/24-105 PHMS NPC - Documents/truck tickets/2025-06-25/export/24-105_2025-06-25_Class2_Podium_WM_412.pdf,345,CorpoTechs,19453,View ROI
24-105_2025-06-25_Class2_Podium_WM_412.pdf,C:/Users/brian.atkins/OneDrive - Lindamood Demolition/24-105 PHMS NPC - Documents/truck tickets/2025-06-25/export/24-105_2025-06-25_Class2_Podium_WM_412.pdf,346,CorpoTechs,17700,View ROI
24-105_2025-06-25_Class2_Podium_WM_412.pdf,C:/Users/brian.atkins/OneDrive - Lindamood Demolition/24-105 PHMS NPC - Documents/truck tickets/2025-06-25/export/24-105_2025-06-25_Class2_Podium_WM_412.pdf,347,Roadstar,213232,View ROI
24-105_2025-06-25_Class2_Podium_WM_412.pdf,C:/Users/brian.atkins/OneDrive - Lindamood Demolition/24-105 PHMS NPC - Documents/truck tickets/2025-06-25/export/24-105_2025-06-25_Class2_Podium_WM_412.pdf,350,CorpoTechs,10442,View ROI
24-105_2025-06-25_Class2_Podium_WM_412.pdf,C:/Users/brian.atkins/OneDrive - Lindamood Demolition/24-105 PHMS NPC - Documents/truck tickets/2025-06-25/export/24-105_2025-06-25_Class2_Podium_WM_412.pdf,352,Portillo,307765,View ROI
24-105_2025-06-25_Class2_Podium_WM_412.pdf,C:/Users/brian.atkins/OneDrive - Lindamood Demolition/24-105 PHMS NPC - Documents/truck tickets/2025-06-25/export/24-105_2025-06-25_Class2_Podium_WM_412.pdf,348,CorpoTechs,16782,View ROI
24-105_2025-06-25_Class2_Podium_WM_412.pdf,C:/Users/brian.atkins/OneDrive - Lindamood Demolition/24-105 PHMS NPC - Documents/truck tickets/2025-06-25/export/24-105_2025-06-25_Class2_Podium_WM_412.pdf,355,Roadstar,218850,View ROI
24-105_2025-06-25_Class2_Podium_WM_412.pdf,C:/Users/brian.atkins/OneDrive - Lindamood Demolition/24-105 PHMS NPC - Documents/truck tickets/2025-06-25/export/24-105_2025-06-25_Class2_Podium_WM_412.pdf,349,Portillo,288511,View ROI
24-105_2025-06-25_Class2_Podium_WM_412.pdf,C:/Users/brian.atkins/OneDrive - Lindamood Demolition/24-105 PHMS NPC - Documents/truck tickets/2025-06-25/export/24-105_2025-06-25_Class2_Podium_WM_412.pdf,354,CorpoTechs,15073,View ROI
24-105_2025-06-25_Class2_Podium_WM_412.pdf,C:/Users/brian.atkins/OneDrive - Lindamood Demolition/24-105 PHMS NPC - Documents/truck tickets/2025-06-25/export/24-105_2025-06-25_Class2_Podium_WM_412.pdf,353,Portillo,302636,View ROI
24-105_2025-06-25_Class2_Podium_WM_412.pdf,C:/Users/brian.atkins/OneDrive - Lindamood Demolition/24-105 PHMS NPC - Documents/truck tickets/2025-06-25/export/24-105_2025-06-25_Class2_Podium_WM_412.pdf,358,CorpoTechs,021328,View ROI
24-105_2025-06-25_Class2_Podium_WM_412.pdf,C:/Users/brian.atkins/OneDrive - Lindamood Demolition/24-105 PHMS NPC - Documents/truck tickets/2025-06-25/export/24-105_2025-06-25_Class2_Podium_WM_412.pdf,351,CorpoTechs,12193,View ROI
24-105_2025-06-25_Class2_Podium_WM_412.pdf,C:/Users/brian.atkins/OneDrive - Lindamood Demolition/24-105 PHMS NPC - Documents/truck tickets/2025-06-25/export/24-105_2025-06-25_Class2_Podium_WM_412.pdf,356,Roadstar,219066,View ROI
24-105_2025-06-25_Class2_Podium_WM_412.pdf,C:/Users/brian.atkins/OneDrive - Lindamood Demolition/24-105 PHMS NPC - Documents/truck tickets/2025-06-25/export/24-105_2025-06-25_Class2_Podium_WM_412.pdf,357,CorpoTechs,11833,View ROI
24-105_2025-06-25_Class2_Podium_WM_412.pdf,C:/Users/brian.atkins/OneDrive - Lindamood Demolition/24-105 PHMS NPC - Documents/truck tickets/2025-06-25/export/24-105_2025-06-25_Class2_Podium_WM_412.pdf,360,Roadstar,182079,View ROI
24-105_2025-06-25_Class2_Podium_WM_412.pdf,C:/Users/brian.atkins/OneDrive - Lindamood Demolition/24-105 PHMS NPC - Documents/truck tickets/2025-06-25/export/24-105_2025-06-25_Class2_Podium_WM_412.pdf,362,CorpoTechs,15452,View ROI
24-105_2025-06-25_Class2_Podium_WM_412.pdf,C:/Users/brian.atkins/OneDrive - Lindamood Demolition/24-105 PHMS NPC - Documents/truck tickets/2025-06-25/export/24-105_2025-06-25_Class2_Podium_WM_412.pdf,361,Roadstar,218706,View ROI
24-105_2025-06-25_Class2_Podium_WM_412.pdf,C:/Users/brian.atkins/OneDrive - Lindamood Demolition/24-105 PHMS NPC - Documents/truck tickets/2025-06-25/export/24-105_2025-06-25_Class2_Podium_WM_412.pdf,359,Roadstar,218533,View ROI
24-105_2025-06-25_Class2_Podium_WM_412.pdf,C:/Users/brian.atkins/OneDrive - Lindamood Demolition/24-105 PHMS NPC - Documents/truck tickets/2025-06-25/export/24-105_2025-06-25_Class2_Podium_WM_412.pdf,363,Roadstar,219414,View ROI
24-105_2025-06-25_Class2_Podium_WM_412.pdf,C:/Users/brian.atkins/OneDrive - Lindamood Demolition/24-105 PHMS NPC - Documents/truck tickets/2025-06-25/export/24-105_2025-06-25_Class2_Podium_WM_412.pdf,367,Portillo,307192,View ROI
24-105_2025-06-25_Class2_Podium_WM_412.pdf,C:/Users/brian.atkins/OneDrive - Lindamood Demolition/24-105 PHMS NPC - Documents/truck tickets/2025-06-25/export/24-105_2025-06-25_Class2_Podium_WM_412.pdf,364,Roadstar,219135,View ROI
24-105_2025-06-25_Class2_Podium_WM_412.pdf,C:/Users/brian.atkins/OneDrive - Lindamood Demolition/24-105 PHMS NPC - Documents/truck tickets/2025-06-25/export/24-105_2025-06-25_Class2_Podium_WM_412.pdf,365,Roadstar,217203,View ROI
24-105_2025-06-25_Class2_Podium_WM_412.pdf,C:/Users/brian.atkins/OneDrive - Lindamood Demolition/24-105 PHMS NPC - Documents/truck tickets/2025-06-25/export/24-105_2025-06-25_Class2_Podium_WM_412.pdf,366,Roadstar,218982,View ROI
24-105_2025-06-25_Class2_Podium_WM_412.pdf,C:/Users/brian.atkins/OneDrive - Lindamood Demolition/24-105 PHMS NPC - Documents/truck tickets/2025-06-25/export/24-105_2025-06-25_Class2_Podium_WM_412.pdf,371,Roadstar,212368,View ROI
24-105_2025-06-25_Class2_Podium_WM_412.pdf,C:/Users/brian.atkins/OneDrive - Lindamood Demolition/24-105 PHMS NPC - Documents/truck tickets/2025-06-25/export/24-105_2025-06-25_Class2_Podium_WM_412.pdf,368,Roadstar,675044,View ROI
24-105_2025-06-25_Class2_Podium_WM_412.pdf,C:/Users/brian.atkins/OneDrive - Lindamood Demolition/24-105 PHMS NPC - Documents/truck tickets/2025-06-25/export/24-105_2025-06-25_Class2_Podium_WM_412.pdf,370,CorpoTechs,15389,View ROI
24-105_2025-06-25_Class2_Podium_WM_412.pdf,C:/Users/brian.atkins/OneDrive - Lindamood Demolition/24-105 PHMS NPC - Documents/truck tickets/2025-06-25/export/24-105_2025-06-25_Class2_Podium_WM_412.pdf,372,Portillo,309780,View ROI
24-105_2025-06-25_Class2_Podium_WM_412.pdf,C:/Users/brian.atkins/OneDrive - Lindamood Demolition/24-105 PHMS NPC - Documents/truck tickets/2025-06-25/export/24-105_2025-06-25_Class2_Podium_WM_412.pdf,369,Roadstar,210693,View ROI
24-105_2025-06-25_Class2_Podium_WM_412.pdf,C:/Users/brian.atkins/OneDrive - Lindamood Demolition/24-105 PHMS NPC - Documents/truck tickets/2025-06-25/export/24-105_2025-06-25_Class2_Podium_WM_412.pdf,375,Roadstar,207795,View ROI
24-105_2025-06-25_Class2_Podium_WM_412.pdf,C:/Users/brian.atkins/OneDrive - Lindamood Demolition/24-105 PHMS NPC - Documents/truck tickets/2025-06-25/export/24-105_2025-06-25_Class2_Podium_WM_412.pdf,377,Roadstar,214233,View ROI
24-105_2025-06-25_Class2_Podium_WM_412.pdf,C:/Users/brian.atkins/OneDrive - Lindamood Demolition/24-105 PHMS NPC - Documents/truck tickets/2025-06-25/export/24-105_2025-06-25_Class2_Podium_WM_412.pdf,374,Roadstar,206665,View ROI
24-105_2025-06-25_Class2_Podium_WM_412.pdf,C:/Users/brian.atkins/OneDrive - Lindamood Demolition/24-105 PHMS NPC - Documents/truck tickets/2025-06-25/export/24-105_2025-06-25_Class2_Podium_WM_412.pdf,376,Roadstar,219389,View ROI
24-105_2025-06-25_Class2_Podium_WM_412.pdf,C:/Users/brian.atkins/OneDrive - Lindamood Demolition/24-105 PHMS NPC - Documents/truck tickets/2025-06-25/export/24-105_2025-06-25_Class2_Podium_WM_412.pdf,379,Roadstar,214062,View ROI
24-105_2025-06-25_Class2_Podium_WM_412.pdf,C:/Users/brian.atkins/OneDrive - Lindamood Demolition/24-105 PHMS NPC - Documents/truck tickets/2025-06-25/export/24-105_2025-06-25_Class2_Podium_WM_412.pdf,378,Roadstar,206022,View ROI
24-105_2025-06-25_Class2_Podium_WM_412.pdf,C:/Users/brian.atkins/OneDrive - Lindamood Demolition/24-105 PHMS NPC - Documents/truck tickets/2025-06-25/export/24-105_2025-06-25_Class2_Podium_WM_412.pdf,373,Roadstar,212292,View ROI
24-105_2025-06-25_Class2_Podium_WM_412.pdf,C:/Users/brian.atkins/OneDrive - Lindamood Demolition/24-105 PHMS NPC - Documents/truck tickets/2025-06-25/export/24-105_2025-06-25_Class2_Podium_WM_412.pdf,380,CorpoTechs,013318,View ROI
24-105_2025-06-25_Class2_Podium_WM_412.pdf,C:/Users/brian.atkins/OneDrive - Lindamood Demolition/24-105 PHMS NPC - Documents/truck tickets/2025-06-25/export/24-105_2025-06-25_Class2_Podium_WM_412.pdf,381,CorpoTechs,014293,View ROI
24-105_2025-06-25_Class2_Podium_WM_412.pdf,C:/Users/brian.atkins/OneDrive - Lindamood Demolition/24-105 PHMS NPC - Documents/truck tickets/2025-06-25/export/24-105_2025-06-25_Class2_Podium_WM_412.pdf,383,Roadstar,218682,View ROI
24-105_2025-06-25_Class2_Podium_WM_412.pdf,C:/Users/brian.atkins/OneDrive - Lindamood Demolition/24-105 PHMS NPC - Documents/truck tickets/2025-06-25/export/24-105_2025-06-25_Class2_Podium_WM_412.pdf,384,Portillo,311154,View ROI
24-105_2025-06-25_Class2_Podium_WM_412.pdf,C:/Users/brian.atkins/OneDrive - Lindamood Demolition/24-105 PHMS NPC - Documents/truck tickets/2025-06-25/export/24-105_2025-06-25_Class2_Podium_WM_412.pdf,382,Portillo,296392,View ROI
24-105_2025-06-25_Class2_Podium_WM_412.pdf,C:/Users/brian.atkins/OneDrive - Lindamood Demolition/24-105 PHMS NPC - Documents/truck tickets/2025-06-25/export/24-105_2025-06-25_Class2_Podium_WM_412.pdf,386,Portillo,307679,View ROI
24-105_2025-06-25_Class2_Podium_WM_412.pdf,C:/Users/brian.atkins/OneDrive - Lindamood Demolition/24-105 PHMS NPC - Documents/truck tickets/2025-06-25/export/24-105_2025-06-25_Class2_Podium_WM_412.pdf,388,Roadstar,212657,View ROI
24-105_2025-06-25_Class2_Podium_WM_412.pdf,C:/Users/brian.atkins/OneDrive - Lindamood Demolition/24-105 PHMS NPC - Documents/truck tickets/2025-06-25/export/24-105_2025-06-25_Class2_Podium_WM_412.pdf,387,Portillo,306106,View ROI
24-105_2025-06-25_Class2_Podium_WM_412.pdf,C:/Users/brian.atkins/OneDrive - Lindamood Demolition/24-105 PHMS NPC - Documents/truck tickets/2025-06-25/export/24-105_2025-06-25_Class2_Podium_WM_412.pdf,385,Roadstar,204500,View ROI
24-105_2025-06-25_Class2_Podium_WM_412.pdf,C:/Users/brian.atkins/OneDrive - Lindamood Demolition/24-105 PHMS NPC - Documents/truck tickets/2025-06-25/export/24-105_2025-06-25_Class2_Podium_WM_412.pdf,393,Roadstar,213085,View ROI
24-105_2025-06-25_Class2_Podium_WM_412.pdf,C:/Users/brian.atkins/OneDrive - Lindamood Demolition/24-105 PHMS NPC - Documents/truck tickets/2025-06-25/export/24-105_2025-06-25_Class2_Podium_WM_412.pdf,396,Roadstar,213231,View ROI
24-105_2025-06-25_Class2_Podium_WM_412.pdf,C:/Users/brian.atkins/OneDrive - Lindamood Demolition/24-105 PHMS NPC - Documents/truck tickets/2025-06-25/export/24-105_2025-06-25_Class2_Podium_WM_412.pdf,391,Roadstar,219065,View ROI
24-105_2025-06-25_Class2_Podium_WM_412.pdf,C:/Users/brian.atkins/OneDrive - Lindamood Demolition/24-105 PHMS NPC - Documents/truck tickets/2025-06-25/export/24-105_2025-06-25_Class2_Podium_WM_412.pdf,392,CorpoTechs,17699,View ROI
24-105_2025-06-25_Class2_Podium_WM_412.pdf,C:/Users/brian.atkins/OneDrive - Lindamood Demolition/24-105 PHMS NPC - Documents/truck tickets/2025-06-25/export/24-105_2025-06-25_Class2_Podium_WM_412.pdf,390,Portillo,288547,View ROI
24-105_2025-06-25_Class2_Podium_WM_412.pdf,C:/Users/brian.atkins/OneDrive - Lindamood Demolition/24-105 PHMS NPC - Documents/truck tickets/2025-06-25/export/24-105_2025-06-25_Class2_Podium_WM_412.pdf,394,Portillo,307764,View ROI
24-105_2025-06-25_Class2_Podium_WM_412.pdf,C:/Users/brian.atkins/OneDrive - Lindamood Demolition/24-105 PHMS NPC - Documents/truck tickets/2025-06-25/export/24-105_2025-06-25_Class2_Podium_WM_412.pdf,395,Portillo,288510,View ROI
24-105_2025-06-25_Class2_Podium_WM_412.pdf,C:/Users/brian.atkins/OneDrive - Lindamood Demolition/24-105 PHMS NPC - Documents/truck tickets/2025-06-25/export/24-105_2025-06-25_Class2_Podium_WM_412.pdf,389,CorpoTechs,15042,View ROI
24-105_2025-06-25_Class2_Podium_WM_412.pdf,C:/Users/brian.atkins/OneDrive - Lindamood Demolition/24-105 PHMS NPC - Documents/truck tickets/2025-06-25/export/24-105_2025-06-25_Class2_Podium_WM_412.pdf,397,Portillo,302635,View ROI
24-105_2025-06-25_Class2_Podium_WM_412.pdf,C:/Users/brian.atkins/OneDrive - Lindamood Demolition/24-105 PHMS NPC - Documents/truck tickets/2025-06-25/export/24-105_2025-06-25_Class2_Podium_WM_412.pdf,398,Roadstar,218532,View ROI
24-105_2025-06-25_Class2_Podium_WM_412.pdf,C:/Users/brian.atkins/OneDrive - Lindamood Demolition/24-105 PHMS NPC - Documents/truck tickets/2025-06-25/export/24-105_2025-06-25_Class2_Podium_WM_412.pdf,399,Roadstar,182078,View ROI
24-105_2025-06-25_Class2_Podium_WM_412.pdf,C:/Users/brian.atkins/OneDrive - Lindamood Demolition/24-105 PHMS NPC - Documents/truck tickets/2025-06-25/export/24-105_2025-06-25_Class2_Podium_WM_412.pdf,400,Roadstar,218705,View ROI
24-105_2025-06-25_Class2_Podium_WM_412.pdf,C:/Users/brian.atkins/OneDrive - Lindamood Demolition/24-105 PHMS NPC - Documents/truck tickets/2025-06-25/export/24-105_2025-06-25_Class2_Podium_WM_412.pdf,401,CorpoTechs,19452,View ROI
24-105_2025-06-25_Class2_Podium_WM_412.pdf,C:/Users/brian.atkins/OneDrive - Lindamood Demolition/24-105 PHMS NPC - Documents/truck tickets/2025-06-25/export/24-105_2025-06-25_Class2_Podium_WM_412.pdf,402,Roadstar,588022,View ROI
24-105_2025-06-25_Class2_Podium_WM_412.pdf,C:/Users/brian.atkins/OneDrive - Lindamood Demolition/24-105 PHMS NPC - Documents/truck tickets/2025-06-25/export/24-105_2025-06-25_Class2_Podium_WM_412.pdf,406,Portillo,307191,View ROI
24-105_2025-06-25_Class2_Podium_WM_412.pdf,C:/Users/brian.atkins/OneDrive - Lindamood Demolition/24-105 PHMS NPC - Documents/truck tickets/2025-06-25/export/24-105_2025-06-25_Class2_Podium_WM_412.pdf,404,CorpoTechs,10441,View ROI
24-105_2025-06-25_Class2_Podium_WM_412.pdf,C:/Users/brian.atkins/OneDrive - Lindamood Demolition/24-105 PHMS NPC - Documents/truck tickets/2025-06-25/export/24-105_2025-06-25_Class2_Podium_WM_412.pdf,403,Portillo,312017,View ROI
24-105_2025-06-25_Class2_Podium_WM_412.pdf,C:/Users/brian.atkins/OneDrive - Lindamood Demolition/24-105 PHMS NPC - Documents/truck tickets/2025-06-25/export/24-105_2025-06-25_Class2_Podium_WM_412.pdf,405,CorpoTechs,15451,View ROI
24-105_2025-06-25_Class2_Podium_WM_412.pdf,C:/Users/brian.atkins/OneDrive - Lindamood Demolition/24-105 PHMS NPC - Documents/truck tickets/2025-06-25/export/24-105_2025-06-25_Class2_Podium_WM_412.pdf,407,Portillo,309779,View ROI
24-105_2025-06-25_Class2_Podium_WM_412.pdf,C:/Users/brian.atkins/OneDrive - Lindamood Demolition/24-105 PHMS NPC - Documents/truck tickets/2025-06-25/export/24-105_2025-06-25_Class2_Podium_WM_412.pdf,409,CorpoTechs,014292,View ROI
24-105_2025-06-25_Class2_Podium_WM_412.pdf,C:/Users/brian.atkins/OneDrive - Lindamood Demolition/24-105 PHMS NPC - Documents/truck tickets/2025-06-25/export/24-105_2025-06-25_Class2_Podium_WM_412.pdf,411,Portillo,296391,View ROI
24-105_2025-06-25_Class2_Podium_WM_412.pdf,C:/Users/brian.atkins/OneDrive - Lindamood Demolition/24-105 PHMS NPC - Documents/truck tickets/2025-06-25/export/24-105_2025-06-25_Class2_Podium_WM_412.pdf,408,Roadstar,219388,View ROI
24-105_2025-06-25_Class2_Podium_WM_412.pdf,C:/Users/brian.atkins/OneDrive - Lindamood Demolition/24-105 PHMS NPC - Documents/truck tickets/2025-06-25/export/24-105_2025-06-25_Class2_Podium_WM_412.pdf,412,CorpoTechs,021308,View ROI
24-105_2025-06-25_Class2_Podium_WM_412.pdf,C:/Users/brian.atkins/OneDrive - Lindamood Demolition/24-105 PHMS NPC - Documents/truck tickets/2025-06-25/export/24-105_2025-06-25_Class2_Podium_WM_412.pdf,410,CorpoTechs,013317,View ROI
